[
  {
    "ID": "5942",
    "Name": "Григорьев Гордий",
    "Age": "29"
  },
  {
    "ID": "8559",
    "Name": "Яковлев Григорий",
    "Age": "58"
  },
  {
    "ID": "14543",
    "Name": "Доронин Евгений",
    "Age": "53"
  },
  {
    "ID": "15470",
    "Name": "Родионов Митрофан",
    "Age": "33"
  },
  {
    "ID": "17662",
    "Name": "Николаев Эдуард",
    "Age": "22"
  },
  {
    "ID": "27164",
    "Name": "Суворов Август",
    "Age": "31"
  },
  {
    "ID": "30825",
    "Name": "Игнатьев Вилли",
    "Age": "60"
  },
  {
    "ID": "32268",
    "Name": "Веселов Любомир",
    "Age": "18"
  },
  {
    "ID": "41843",
    "Name": "Копылов Тарас",
    "Age": "85"
  },
  {
    "ID": "42489",
    "Name": "Пономарёв Илларион",
    "Age": "80"
  },
  {
    "ID": "48723",
    "Name": "Исаков Эльдар",
    "Age": "70"
  },
  {
    "ID": "53800",
    "Name": "Артемьев Назарий",
    "Age": "20"
  },
  {
    "ID": "60392",
    "Name": "Жуков Лазарь",
    "Age": "25"
  },
  {
    "ID": "62950",
    "Name": "Поляков Любомир",
    "Age": "32"
  },
  {
    "ID": "65231",
    "Name": "Воробьёв Аким",
    "Age": "78"
  },
  {
    "ID": "74274",
    "Name": "Дорофеев Устин",
    "Age": "23"
  },
  {
    "ID": "82424",
    "Name": "Пономарёв Лаврентий",
    "Age": "35"
  },
  {
    "ID": "91827",
    "Name": "Павлов Клемент",
    "Age": "52"
  },
  {
    "ID": "101115",
    "Name": "Лапин Родион",
    "Age": "28"
  },
  {
    "ID": "101822",
    "Name": "Белозёров Корней",
    "Age": "35"
  },
  {
    "ID": "102385",
    "Name": "Щукин Ростислав",
    "Age": "71"
  },
  {
    "ID": "110387",
    "Name": "Соловьёв Нисон",
    "Age": "63"
  },
  {
    "ID": "119033",
    "Name": "Котов Мартын",
    "Age": "77"
  },
  {
    "ID": "121628",
    "Name": "Маслов Тарас",
    "Age": "23"
  },
  {
    "ID": "128178",
    "Name": "Иванов Нинель",
    "Age": "35"
  },
  {
    "ID": "131012",
    "Name": "Ширяев Андрей",
    "Age": "21"
  },
  {
    "ID": "131665",
    "Name": "Королёв Ярослав",
    "Age": "30"
  },
  {
    "ID": "139053",
    "Name": "Карпов Ким",
    "Age": "65"
  },
  {
    "ID": "139290",
    "Name": "Гаврилов Моисей",
    "Age": "24"
  },
  {
    "ID": "140321",
    "Name": "Авдеев Корней",
    "Age": "78"
  },
  {
    "ID": "149834",
    "Name": "Воробьёв Леонтий",
    "Age": "27"
  },
  {
    "ID": "152755",
    "Name": "Матвеев Арсен",
    "Age": "81"
  },
  {
    "ID": "154912",
    "Name": "Николаев Матвей",
    "Age": "33"
  },
  {
    "ID": "162295",
    "Name": "Калинин Гаянэ",
    "Age": "39"
  },
  {
    "ID": "170632",
    "Name": "Третьяков Елисей",
    "Age": "24"
  },
  {
    "ID": "177821",
    "Name": "Марков Людвиг",
    "Age": "24"
  },
  {
    "ID": "182069",
    "Name": "Мартынов Клемент",
    "Age": "78"
  },
  {
    "ID": "191407",
    "Name": "Фадеев Эдуард",
    "Age": "16"
  },
  {
    "ID": "195548",
    "Name": "Кононов Максимилиан",
    "Age": "18"
  },
  {
    "ID": "198888",
    "Name": "Гуляев Лев",
    "Age": "38"
  },
  {
    "ID": "203743",
    "Name": "Шестаков Гавриил",
    "Age": "61"
  },
  {
    "ID": "205740",
    "Name": "Новиков Вениамин",
    "Age": "36"
  },
  {
    "ID": "208588",
    "Name": "Фомин Кондратий",
    "Age": "28"
  },
  {
    "ID": "213269",
    "Name": "Исаев Карл",
    "Age": "78"
  },
  {
    "ID": "216998",
    "Name": "Зыков Роман",
    "Age": "31"
  },
  {
    "ID": "220117",
    "Name": "Архипов Алан",
    "Age": "23"
  },
  {
    "ID": "224404",
    "Name": "Игнатьев Елисей",
    "Age": "19"
  },
  {
    "ID": "234077",
    "Name": "Шарапов Венедикт",
    "Age": "74"
  },
  {
    "ID": "241103",
    "Name": "Аксёнов Натан",
    "Age": "67"
  },
  {
    "ID": "249223",
    "Name": "Логинов Андрей",
    "Age": "57"
  },
  {
    "ID": "256417",
    "Name": "Фадеев Бронислав",
    "Age": "82"
  },
  {
    "ID": "263352",
    "Name": "Алексеев Тимофей",
    "Age": "31"
  },
  {
    "ID": "265663",
    "Name": "Медведев Людвиг",
    "Age": "80"
  },
  {
    "ID": "270733",
    "Name": "Власов Ибрагил",
    "Age": "39"
  },
  {
    "ID": "274942",
    "Name": "Кузнецов Аркадий",
    "Age": "23"
  },
  {
    "ID": "275182",
    "Name": "Белоусов Аскольд",
    "Age": "37"
  },
  {
    "ID": "278736",
    "Name": "Ларионов Арсений",
    "Age": "27"
  },
  {
    "ID": "288434",
    "Name": "Владимиров Юстиниан",
    "Age": "18"
  },
  {
    "ID": "295315",
    "Name": "Константинов Иннокентий",
    "Age": "65"
  },
  {
    "ID": "298835",
    "Name": "Лихачёв Аввакуум",
    "Age": "76"
  },
  {
    "ID": "304964",
    "Name": "Беляков Ефим",
    "Age": "27"
  },
  {
    "ID": "305350",
    "Name": "Дьячков Богдан",
    "Age": "16"
  },
  {
    "ID": "306015",
    "Name": "Дроздов Мстислав",
    "Age": "63"
  },
  {
    "ID": "311876",
    "Name": "Иванков Карл",
    "Age": "17"
  },
  {
    "ID": "313696",
    "Name": "Емельянов Алан",
    "Age": "36"
  },
  {
    "ID": "316871",
    "Name": "Фёдоров Савелий",
    "Age": "72"
  },
  {
    "ID": "326790",
    "Name": "Рыбаков Станислав",
    "Age": "26"
  },
  {
    "ID": "333297",
    "Name": "Савин Трофим",
    "Age": "57"
  },
  {
    "ID": "337111",
    "Name": "Лукин Платон",
    "Age": "23"
  },
  {
    "ID": "343873",
    "Name": "Радулов Александр",
    "Age": "44"
  },
  {
    "ID": "346785",
    "Name": "Кудрявцев Мартин",
    "Age": "33"
  },
  {
    "ID": "356642",
    "Name": "Мясников Савелий",
    "Age": "23"
  },
  {
    "ID": "358350",
    "Name": "Назаров Игорь",
    "Age": "35"
  },
  {
    "ID": "365849",
    "Name": "Казаков Самуил",
    "Age": "64"
  },
  {
    "ID": "372665",
    "Name": "Мишин Илья",
    "Age": "32"
  },
  {
    "ID": "373131",
    "Name": "Филатов Антон",
    "Age": "60"
  },
  {
    "ID": "379632",
    "Name": "Агафонов Остап",
    "Age": "20"
  },
  {
    "ID": "384026",
    "Name": "Дацюк Павел",
    "Age": "32"
  },
  {
    "ID": "386735",
    "Name": "Савин Варлаам",
    "Age": "62"
  },
  {
    "ID": "394783",
    "Name": "Федотов Георгий",
    "Age": "82"
  },
  {
    "ID": "400383",
    "Name": "Моисеев Прохор",
    "Age": "63"
  },
  {
    "ID": "404495",
    "Name": "Бобров Власий",
    "Age": "48"
  },
  {
    "ID": "405073",
    "Name": "Миронов Алан",
    "Age": "87"
  },
  {
    "ID": "407542",
    "Name": "Лобанов Илларион",
    "Age": "33"
  },
  {
    "ID": "415362",
    "Name": "Родионов Велор",
    "Age": "35"
  },
  {
    "ID": "421338",
    "Name": "Владимиров Адам",
    "Age": "35"
  },
  {
    "ID": "425651",
    "Name": "Максимов Василий",
    "Age": "56"
  },
  {
    "ID": "434405",
    "Name": "Доронин Богдан",
    "Age": "33"
  },
  {
    "ID": "442785",
    "Name": "Григорьев Гордий",
    "Age": "78"
  },
  {
    "ID": "449747",
    "Name": "Яковлев Григорий",
    "Age": "83"
  },
  {
    "ID": "456460",
    "Name": "Доронин Евгений",
    "Age": "15"
  },
  {
    "ID": "458544",
    "Name": "Мозякин Сергей",
    "Age": "39"
  },
  {
    "ID": "462450",
    "Name": "Николаев Эдуард",
    "Age": "16"
  },
  {
    "ID": "469154",
    "Name": "Суворов Август",
    "Age": "20"
  },
  {
    "ID": "473636",
    "Name": "Игнатьев Вилли",
    "Age": "38"
  },
  {
    "ID": "476431",
    "Name": "Веселов Любомир",
    "Age": "26"
  },
  {
    "ID": "483861",
    "Name": "Копылов Тарас",
    "Age": "32"
  },
  {
    "ID": "486354",
    "Name": "Пономарёв Илларион",
    "Age": "17"
  },
  {
    "ID": "489584",
    "Name": "Исаков Эльдар",
    "Age": "16"
  },
  {
    "ID": "490966",
    "Name": "Артемьев Назарий",
    "Age": "23"
  },
  {
    "ID": "494356",
    "Name": "Жуков Лазарь",
    "Age": "24"
  },
  {
    "ID": "498630",
    "Name": "Поляков Любомир",
    "Age": "17"
  },
  {
    "ID": "501104",
    "Name": "Воробьёв Аким",
    "Age": "16"
  },
  {
    "ID": "504597",
    "Name": "Дорофеев Устин",
    "Age": "62"
  },
  {
    "ID": "507230",
    "Name": "Пономарёв Лаврентий",
    "Age": "35"
  },
  {
    "ID": "516881",
    "Name": "Павлов Клемент",
    "Age": "48"
  },
  {
    "ID": "517518",
    "Name": "Лапин Родион",
    "Age": "37"
  },
  {
    "ID": "522452",
    "Name": "Белозёров Корней",
    "Age": "33"
  },
  {
    "ID": "529859",
    "Name": "Щукин Ростислав",
    "Age": "43"
  },
  {
    "ID": "538740",
    "Name": "Соловьёв Нисон",
    "Age": "26"
  },
  {
    "ID": "538787",
    "Name": "Котов Мартын",
    "Age": "44"
  },
  {
    "ID": "545453",
    "Name": "Маслов Тарас",
    "Age": "84"
  },
  {
    "ID": "551824",
    "Name": "Иванов Нинель",
    "Age": "37"
  },
  {
    "ID": "561704",
    "Name": "Ширяев Андрей",
    "Age": "24"
  },
  {
    "ID": "563644",
    "Name": "Королёв Ярослав",
    "Age": "30"
  },
  {
    "ID": "573453",
    "Name": "Карпов Ким",
    "Age": "38"
  },
  {
    "ID": "583041",
    "Name": "Гаврилов Моисей",
    "Age": "88"
  },
  {
    "ID": "586260",
    "Name": "Авдеев Корней",
    "Age": "26"
  },
  {
    "ID": "587718",
    "Name": "Воробьёв Леонтий",
    "Age": "29"
  },
  {
    "ID": "588354",
    "Name": "Алексей Тeрeщенко",
    "Age": "40"
  },
  {
    "ID": "591882",
    "Name": "Николаев Матвей",
    "Age": "16"
  },
  {
    "ID": "599009",
    "Name": "Калинин Гаянэ",
    "Age": "74"
  },
  {
    "ID": "601657",
    "Name": "Третьяков Елисей",
    "Age": "60"
  },
  {
    "ID": "607236",
    "Name": "Кoшечкин Вaсилий",
    "Age": "32"
  },
  {
    "ID": "613303",
    "Name": "Мартынов Клемент",
    "Age": "41"
  },
  {
    "ID": "615788",
    "Name": "Фадеев Эдуард",
    "Age": "28"
  },
  {
    "ID": "619253",
    "Name": "Евгений Дaдонов",
    "Age": "68"
  },
  {
    "ID": "625476",
    "Name": "Гуляев Лев",
    "Age": "20"
  },
  {
    "ID": "626963",
    "Name": "Шестаков Гавриил",
    "Age": "17"
  },
  {
    "ID": "634799",
    "Name": "Новиков Вениамин",
    "Age": "68"
  },
  {
    "ID": "635568",
    "Name": "Фомин Кондратий",
    "Age": "24"
  },
  {
    "ID": "639881",
    "Name": "Исаев Карл",
    "Age": "68"
  },
  {
    "ID": "645357",
    "Name": "Зыков Роман",
    "Age": "82"
  },
  {
    "ID": "649731",
    "Name": "Архипов Алан",
    "Age": "45"
  },
  {
    "ID": "655058",
    "Name": "Игнатьев Елисей",
    "Age": "37"
  },
  {
    "ID": "661806",
    "Name": "Шарапов Венедикт",
    "Age": "14"
  },
  {
    "ID": "661936",
    "Name": "Аксёнов Натан",
    "Age": "35"
  },
  {
    "ID": "662889",
    "Name": "Логинов Андрей",
    "Age": "51"
  },
  {
    "ID": "669700",
    "Name": "Фадеев Бронислав",
    "Age": "36"
  },
  {
    "ID": "670282",
    "Name": "Алексеев Тимофей",
    "Age": "27"
  },
  {
    "ID": "679230",
    "Name": "Медведев Людвиг",
    "Age": "21"
  },
  {
    "ID": "688311",
    "Name": "Власов Ибрагил",
    "Age": "88"
  },
  {
    "ID": "697112",
    "Name": "Кузнецов Аркадий",
    "Age": "32"
  },
  {
    "ID": "705141",
    "Name": "Белоусов Аскольд",
    "Age": "24"
  },
  {
    "ID": "706981",
    "Name": "Ларионов Арсений",
    "Age": "75"
  },
  {
    "ID": "714904",
    "Name": "Владимиров Юстиниан",
    "Age": "30"
  },
  {
    "ID": "718685",
    "Name": "Константинов Иннокентий",
    "Age": "27"
  },
  {
    "ID": "720141",
    "Name": "Лихачёв Аввакуум",
    "Age": "56"
  },
  {
    "ID": "720258",
    "Name": "Беляков Ефим",
    "Age": "25"
  },
  {
    "ID": "729559",
    "Name": "Дьячков Богдан",
    "Age": "49"
  },
  {
    "ID": "737703",
    "Name": "Дроздов Мстислав",
    "Age": "76"
  },
  {
    "ID": "746091",
    "Name": "Иванков Карл",
    "Age": "20"
  },
  {
    "ID": "747590",
    "Name": "Емельянов Алан",
    "Age": "25"
  },
  {
    "ID": "750282",
    "Name": "Фёдоров Савелий",
    "Age": "15"
  },
  {
    "ID": "757469",
    "Name": "Рыбаков Станислав",
    "Age": "57"
  },
  {
    "ID": "763975",
    "Name": "Савин Трофим",
    "Age": "81"
  },
  {
    "ID": "769088",
    "Name": "Лукин Платон",
    "Age": "27"
  },
  {
    "ID": "769317",
    "Name": "Некрасов Остап",
    "Age": "36"
  },
  {
    "ID": "769432",
    "Name": "Кудрявцев Мартин",
    "Age": "18"
  },
  {
    "ID": "778078",
    "Name": "Мясников Савелий",
    "Age": "29"
  },
  {
    "ID": "784569",
    "Name": "Назаров Игорь",
    "Age": "56"
  },
  {
    "ID": "786273",
    "Name": "Казаков Самуил",
    "Age": "69"
  },
  {
    "ID": "791310",
    "Name": "Мишин Илья",
    "Age": "31"
  },
  {
    "ID": "799111",
    "Name": "Филатов Антон",
    "Age": "82"
  },
  {
    "ID": "801683",
    "Name": "Агафонов Остап",
    "Age": "84"
  },
  {
    "ID": "811245",
    "Name": "Гусев Осип",
    "Age": "26"
  },
  {
    "ID": "815216",
    "Name": "Савин Варлаам",
    "Age": "15"
  },
  {
    "ID": "817338",
    "Name": "Федотов Георгий",
    "Age": "33"
  },
  {
    "ID": "824037",
    "Name": "Моисеев Прохор",
    "Age": "25"
  },
  {
    "ID": "827943",
    "Name": "Бобров Власий",
    "Age": "16"
  },
  {
    "ID": "835782",
    "Name": "Миронов Алан",
    "Age": "24"
  },
  {
    "ID": "845695",
    "Name": "Лобанов Илларион",
    "Age": "32"
  },
  {
    "ID": "849320",
    "Name": "Родионов Велор",
    "Age": "21"
  },
  {
    "ID": "856814",
    "Name": "Владимиров Адам",
    "Age": "14"
  },
  {
    "ID": "858285",
    "Name": "Максимов Василий",
    "Age": "80"
  },
  {
    "ID": "862921",
    "Name": "Доронин Богдан",
    "Age": "71"
  },
  {
    "ID": "867426",
    "Name": "Танкова Влада",
    "Age": "27"
  },
  {
    "ID": "868168",
    "Name": "Григорьева Анисья",
    "Age": "26"
  },
  {
    "ID": "876769",
    "Name": "Решетов Трофим",
    "Age": "75"
  },
  {
    "ID": "886679",
    "Name": "Цветаев Антип",
    "Age": "72"
  },
  {
    "ID": "888583",
    "Name": "Жарыхин Семен",
    "Age": "57"
  },
  {
    "ID": "895303",
    "Name": "Завражный Филимон",
    "Age": "17"
  },
  {
    "ID": "902174",
    "Name": "Шуршалина Изольда",
    "Age": "24"
  },
  {
    "ID": "906684",
    "Name": "Мощенский Всеволод",
    "Age": "16"
  },
  {
    "ID": "911476",
    "Name": "Арданкин Нестор",
    "Age": "20"
  },
  {
    "ID": "917633",
    "Name": "Краев Кирилл",
    "Age": "85"
  },
  {
    "ID": "920462",
    "Name": "Рамазан Дементий",
    "Age": "19"
  },
  {
    "ID": "927827",
    "Name": "Сязи Кузьма",
    "Age": "61"
  },
  {
    "ID": "931371",
    "Name": "Конаков Евдоким",
    "Age": "82"
  },
  {
    "ID": "933807",
    "Name": "Пугачёв Нестор",
    "Age": "65"
  },
  {
    "ID": "940737",
    "Name": "Верясова Альбина",
    "Age": "59"
  },
  {
    "ID": "943299",
    "Name": "Райта Инга",
    "Age": "57"
  },
  {
    "ID": "948242",
    "Name": "Запорожеца Милена",
    "Age": "15"
  },
  {
    "ID": "954840",
    "Name": "Одинцова Любава",
    "Age": "25"
  },
  {
    "ID": "963374",
    "Name": "Платонов Елизар",
    "Age": "20"
  },
  {
    "ID": "967720",
    "Name": "Карандасов Андрон",
    "Age": "18"
  },
  {
    "ID": "974897",
    "Name": "Квакина Марианна",
    "Age": "66"
  },
  {
    "ID": "977235",
    "Name": "Уманова Александра",
    "Age": "61"
  },
  {
    "ID": "978141",
    "Name": "Пондякова Алиса",
    "Age": "65"
  },
  {
    "ID": "980256",
    "Name": "Коденко Ульяна",
    "Age": "17"
  },
  {
    "ID": "985097",
    "Name": "Котова Агния",
    "Age": "88"
  },
  {
    "ID": "986106",
    "Name": "Домаш Карл",
    "Age": "22"
  },
  {
    "ID": "992327",
    "Name": "Явид Евсей",
    "Age": "70"
  },
  {
    "ID": "997752",
    "Name": "Закрятин Бронислав",
    "Age": "15"
  },
  {
    "ID": "1001687",
    "Name": "Балин Пимен",
    "Age": "59"
  },
  {
    "ID": "1008307",
    "Name": "Плахтюрина Ольга",
    "Age": "76"
  },
  {
    "ID": "1008863",
    "Name": "Калитин Евгений",
    "Age": "23"
  },
  {
    "ID": "1017850",
    "Name": "Королева Елизавета",
    "Age": "15"
  },
  {
    "ID": "1024718",
    "Name": "Дульцева Ева",
    "Age": "22"
  },
  {
    "ID": "1025553",
    "Name": "Щенин Вацлав",
    "Age": "24"
  },
  {
    "ID": "1034452",
    "Name": "Дудника Изольда",
    "Age": "34"
  },
  {
    "ID": "1042123",
    "Name": "Чечуров Евграф",
    "Age": "27"
  },
  {
    "ID": "1049575",
    "Name": "Манина Майя",
    "Age": "56"
  },
  {
    "ID": "1057552",
    "Name": "Ручкин Прокл",
    "Age": "25"
  },
  {
    "ID": "1057691",
    "Name": "Хохорина Евгения",
    "Age": "62"
  },
  {
    "ID": "1059191",
    "Name": "Репина Ника",
    "Age": "80"
  },
  {
    "ID": "1065098",
    "Name": "Корбылев Афанасий",
    "Age": "30"
  },
  {
    "ID": "1065121",
    "Name": "Терёшин Наум",
    "Age": "67"
  },
  {
    "ID": "1067196",
    "Name": "Дейнекина Бронислава",
    "Age": "33"
  },
  {
    "ID": "1067851",
    "Name": "Маслюка Алиса",
    "Age": "61"
  },
  {
    "ID": "1071711",
    "Name": "Епанчина Ника",
    "Age": "67"
  },
  {
    "ID": "1073317",
    "Name": "Мухина Лариса",
    "Age": "87"
  },
  {
    "ID": "1079729",
    "Name": "Глоба Валентина",
    "Age": "30"
  },
  {
    "ID": "1080202",
    "Name": "Мармазов Константин",
    "Age": "21"
  },
  {
    "ID": "1089544",
    "Name": "Позона Кристина",
    "Age": "32"
  },
  {
    "ID": "1094561",
    "Name": "Ивазова Тамара",
    "Age": "21"
  },
  {
    "ID": "1098319",
    "Name": "Ясенева Татьяна",
    "Age": "34"
  },
  {
    "ID": "1104766",
    "Name": "Болдырев Евгений",
    "Age": "33"
  },
  {
    "ID": "1106558",
    "Name": "Платущихин Эмиль",
    "Age": "25"
  },
  {
    "ID": "1111759",
    "Name": "Чаадаева Лада",
    "Age": "19"
  },
  {
    "ID": "1120391",
    "Name": "Ли Демьян",
    "Age": "19"
  },
  {
    "ID": "1129618",
    "Name": "Яранов Ипполит",
    "Age": "23"
  },
  {
    "ID": "1136673",
    "Name": "Каприянов Елизар",
    "Age": "58"
  },
  {
    "ID": "1141435",
    "Name": "Макушев Никон",
    "Age": "61"
  },
  {
    "ID": "1145891",
    "Name": "Рубашкин Зиновий",
    "Age": "22"
  },
  {
    "ID": "1155509",
    "Name": "Ковшевников Всеволод",
    "Age": "37"
  },
  {
    "ID": "1157890",
    "Name": "Куксилина Ирина",
    "Age": "25"
  },
  {
    "ID": "1166848",
    "Name": "Митрохов Ким",
    "Age": "31"
  },
  {
    "ID": "1175406",
    "Name": "Гуляев Федот",
    "Age": "30"
  },
  {
    "ID": "1178988",
    "Name": "Толбанов Фока",
    "Age": "21"
  },
  {
    "ID": "1180416",
    "Name": "Сыров Артем",
    "Age": "26"
  },
  {
    "ID": "1181121",
    "Name": "Левкин Ян",
    "Age": "78"
  },
  {
    "ID": "1188296",
    "Name": "Меликова Пелагея",
    "Age": "24"
  },
  {
    "ID": "1195534",
    "Name": "Борисова Виктория",
    "Age": "15"
  },
  {
    "ID": "1204794",
    "Name": "Староволков Онуфрий",
    "Age": "30"
  },
  {
    "ID": "1210366",
    "Name": "Лапухин Гаврила",
    "Age": "38"
  },
  {
    "ID": "1210814",
    "Name": "Лукашенко Клара",
    "Age": "32"
  },
  {
    "ID": "1212673",
    "Name": "Жикин Прохор",
    "Age": "62"
  },
  {
    "ID": "1220018",
    "Name": "Кондр Роман",
    "Age": "14"
  },
  {
    "ID": "1226807",
    "Name": "Яловкина Альбина",
    "Age": "59"
  },
  {
    "ID": "1234232",
    "Name": "Дуболазова Инесса",
    "Age": "26"
  },
  {
    "ID": "1243109",
    "Name": "Яманова Нона",
    "Age": "25"
  },
  {
    "ID": "1251670",
    "Name": "Рубашкина Маргарита",
    "Age": "18"
  },
  {
    "ID": "1251909",
    "Name": "Низенький Руслан",
    "Age": "47"
  },
  {
    "ID": "1252968",
    "Name": "Овчинников Мир",
    "Age": "21"
  },
  {
    "ID": "1257846",
    "Name": "Ягункин Александр",
    "Age": "16"
  },
  {
    "ID": "1260034",
    "Name": "Никишин Мир",
    "Age": "36"
  },
  {
    "ID": "1269495",
    "Name": "Лавров Феофан",
    "Age": "84"
  },
  {
    "ID": "1272707",
    "Name": "Абдулов Ян",
    "Age": "14"
  },
  {
    "ID": "1279312",
    "Name": "Грефа Розалия",
    "Age": "38"
  },
  {
    "ID": "1288229",
    "Name": "Шашков Мирослав",
    "Age": "48"
  },
  {
    "ID": "1288882",
    "Name": "Гребенщиков Герман",
    "Age": "32"
  },
  {
    "ID": "1298531",
    "Name": "Ожогина Софья",
    "Age": "49"
  },
  {
    "ID": "1304489",
    "Name": "Нутрихин Иосиф",
    "Age": "67"
  },
  {
    "ID": "1310330",
    "Name": "Стрелков Нестор",
    "Age": "19"
  },
  {
    "ID": "1317996",
    "Name": "Энтский Глеб",
    "Age": "18"
  },
  {
    "ID": "1323040",
    "Name": "Огурцова Нона",
    "Age": "33"
  },
  {
    "ID": "1328033",
    "Name": "Сай Анисья",
    "Age": "27"
  },
  {
    "ID": "1329494",
    "Name": "Богачёв Владимир",
    "Age": "17"
  },
  {
    "ID": "1336504",
    "Name": "Бабина Диана",
    "Age": "34"
  },
  {
    "ID": "1344480",
    "Name": "Сапожникова Эмма",
    "Age": "34"
  },
  {
    "ID": "1345402",
    "Name": "Глинка Влада",
    "Age": "32"
  },
  {
    "ID": "1346088",
    "Name": "Гайдукова Тамара",
    "Age": "20"
  },
  {
    "ID": "1348937",
    "Name": "Дементьев Зиновий",
    "Age": "80"
  },
  {
    "ID": "1354867",
    "Name": "Смирнова Таисия",
    "Age": "78"
  },
  {
    "ID": "1355979",
    "Name": "Шульга Осип",
    "Age": "61"
  },
  {
    "ID": "1365806",
    "Name": "Капустин Анатолий",
    "Age": "17"
  },
  {
    "ID": "1367811",
    "Name": "Ловзанский Эрнст",
    "Age": "78"
  },
  {
    "ID": "1368109",
    "Name": "Дудинова Таисия",
    "Age": "14"
  },
  {
    "ID": "1376197",
    "Name": "Ивлева Оксана",
    "Age": "61"
  },
  {
    "ID": "1377802",
    "Name": "Кашарин Даниил",
    "Age": "26"
  },
  {
    "ID": "1386758",
    "Name": "Мальцов Соломон",
    "Age": "36"
  },
  {
    "ID": "1388135",
    "Name": "Жаглина Христина",
    "Age": "63"
  },
  {
    "ID": "1392665",
    "Name": "Тарасова Алина",
    "Age": "47"
  },
  {
    "ID": "1392811",
    "Name": "Карпенцева Нина",
    "Age": "59"
  },
  {
    "ID": "1393645",
    "Name": "Клоков Святослав",
    "Age": "37"
  },
  {
    "ID": "1397017",
    "Name": "Тихоход Самуил",
    "Age": "17"
  },
  {
    "ID": "1405294",
    "Name": "Слобожанина Агафья",
    "Age": "19"
  },
  {
    "ID": "1411276",
    "Name": "Дагиров Карл",
    "Age": "33"
  },
  {
    "ID": "1413707",
    "Name": "Бурцов Иннокентий",
    "Age": "31"
  },
  {
    "ID": "1423100",
    "Name": "Урбановский Парфен",
    "Age": "32"
  },
  {
    "ID": "1430420",
    "Name": "Хмельнова Агафья",
    "Age": "14"
  },
  {
    "ID": "1431472",
    "Name": "Хейчеева Ника",
    "Age": "38"
  },
  {
    "ID": "1432664",
    "Name": "Бугайчук Потап",
    "Age": "36"
  },
  {
    "ID": "1439121",
    "Name": "Ялчевский Антип",
    "Age": "24"
  },
  {
    "ID": "1443930",
    "Name": "Дудаков Агафон",
    "Age": "24"
  },
  {
    "ID": "1447629",
    "Name": "Жердев Филимон",
    "Age": "24"
  },
  {
    "ID": "1449850",
    "Name": "Астрединова Эвелина",
    "Age": "20"
  },
  {
    "ID": "1450336",
    "Name": "Сочинский Валерьян",
    "Age": "38"
  },
  {
    "ID": "1454386",
    "Name": "Слатин Фома",
    "Age": "37"
  },
  {
    "ID": "1458063",
    "Name": "Ярилина Мирослава",
    "Age": "79"
  },
  {
    "ID": "1461338",
    "Name": "Лашманова Наталия",
    "Age": "26"
  },
  {
    "ID": "1462648",
    "Name": "Калинина Тамара",
    "Age": "33"
  },
  {
    "ID": "1466153",
    "Name": "Языкин Николай",
    "Age": "56"
  },
  {
    "ID": "1473293",
    "Name": "Шикалов Виктор",
    "Age": "76"
  },
  {
    "ID": "1483062",
    "Name": "Курчин Лев",
    "Age": "26"
  },
  {
    "ID": "1490726",
    "Name": "Койтасбаев Валерий",
    "Age": "24"
  },
  {
    "ID": "1492518",
    "Name": "Корсаков Мартын",
    "Age": "18"
  },
  {
    "ID": "1494172",
    "Name": "Труфанова Евдокия",
    "Age": "19"
  },
  {
    "ID": "1503948",
    "Name": "Щавельский Мирослав",
    "Age": "22"
  },
  {
    "ID": "1506137",
    "Name": "Квартин Адриан",
    "Age": "62"
  },
  {
    "ID": "1508822",
    "Name": "Суходолина Ангелина",
    "Age": "16"
  },
  {
    "ID": "1510009",
    "Name": "Сапогов Мирон",
    "Age": "44"
  },
  {
    "ID": "1519032",
    "Name": "Сагадиева Римма",
    "Age": "33"
  },
  {
    "ID": "1525466",
    "Name": "Живков Бронислав",
    "Age": "25"
  },
  {
    "ID": "1525582",
    "Name": "Турчанинова Ярослава",
    "Age": "32"
  },
  {
    "ID": "1526698",
    "Name": "Пенкин Евстигней",
    "Age": "19"
  },
  {
    "ID": "1532591",
    "Name": "Щеглов Даниил",
    "Age": "77"
  },
  {
    "ID": "1538443",
    "Name": "Катаева Розалия",
    "Age": "70"
  },
  {
    "ID": "1541613",
    "Name": "Рашет Иван",
    "Age": "77"
  },
  {
    "ID": "1544836",
    "Name": "Караулова Владислава",
    "Age": "29"
  },
  {
    "ID": "1551262",
    "Name": "Дресвянин Евгений",
    "Age": "19"
  },
  {
    "ID": "1556066",
    "Name": "Кувардин Иосиф",
    "Age": "31"
  },
  {
    "ID": "1557157",
    "Name": "Ершова Лариса",
    "Age": "22"
  },
  {
    "ID": "1557853",
    "Name": "Дунин-Барковский Бронислав",
    "Age": "30"
  },
  {
    "ID": "1567173",
    "Name": "Игошина Регина",
    "Age": "69"
  },
  {
    "ID": "1568729",
    "Name": "Ажищенков Родион",
    "Age": "37"
  },
  {
    "ID": "1577008",
    "Name": "Шапцев Аристарх",
    "Age": "32"
  },
  {
    "ID": "1580138",
    "Name": "Лапаев Богдан",
    "Age": "28"
  },
  {
    "ID": "1581063",
    "Name": "Синдеева Эмилия",
    "Age": "18"
  },
  {
    "ID": "1584345",
    "Name": "Грибалева Марфа",
    "Age": "85"
  },
  {
    "ID": "1593634",
    "Name": "Графов Лаврентий",
    "Age": "35"
  },
  {
    "ID": "1595160",
    "Name": "Эрдели Вацлав",
    "Age": "36"
  },
  {
    "ID": "1595412",
    "Name": "Цыринский Рубен",
    "Age": "37"
  },
  {
    "ID": "1596472",
    "Name": "Коновалова Маргарита",
    "Age": "33"
  },
  {
    "ID": "1600305",
    "Name": "Ямбаева Анисья",
    "Age": "19"
  },
  {
    "ID": "1603597",
    "Name": "Ярмолинский Иосиф",
    "Age": "51"
  },
  {
    "ID": "1607562",
    "Name": "Харламов Артём",
    "Age": "36"
  },
  {
    "ID": "1612438",
    "Name": "Чукреев Федот",
    "Age": "22"
  },
  {
    "ID": "1614217",
    "Name": "Яркова Варвара",
    "Age": "81"
  },
  {
    "ID": "1621457",
    "Name": "Шувалова Ольга",
    "Age": "29"
  },
  {
    "ID": "1622842",
    "Name": "Кропанина Альбина",
    "Age": "30"
  },
  {
    "ID": "1631463",
    "Name": "Опекунов Леонид",
    "Age": "83"
  },
  {
    "ID": "1639615",
    "Name": "Арсеньев Захар",
    "Age": "39"
  },
  {
    "ID": "1648206",
    "Name": "Захарьина Кристина",
    "Age": "37"
  },
  {
    "ID": "1657696",
    "Name": "Борцова Марианна",
    "Age": "28"
  },
  {
    "ID": "1662790",
    "Name": "Распопов Андриян",
    "Age": "19"
  },
  {
    "ID": "1670922",
    "Name": "Аронов Сократ",
    "Age": "22"
  },
  {
    "ID": "1674893",
    "Name": "Церетели Всеволод",
    "Age": "32"
  },
  {
    "ID": "1682807",
    "Name": "Кулатов Кондратий",
    "Age": "36"
  },
  {
    "ID": "1683804",
    "Name": "Яловегин Нестор",
    "Age": "30"
  },
  {
    "ID": "1685861",
    "Name": "Беломестнов Василий",
    "Age": "36"
  },
  {
    "ID": "1692272",
    "Name": "Белочкина Диана",
    "Age": "31"
  },
  {
    "ID": "1696219",
    "Name": "Божко Злата",
    "Age": "23"
  },
  {
    "ID": "1698162",
    "Name": "Драгомиров Давид",
    "Age": "17"
  },
  {
    "ID": "1698581",
    "Name": "Снеткова Пелагея",
    "Age": "55"
  },
  {
    "ID": "1698931",
    "Name": "Сиякаева Раиса",
    "Age": "49"
  },
  {
    "ID": "1706466",
    "Name": "Сигачёва Майя",
    "Age": "28"
  },
  {
    "ID": "1713912",
    "Name": "Оскорбина Эмма",
    "Age": "20"
  },
  {
    "ID": "1722780",
    "Name": "Путинцев Кир",
    "Age": "37"
  },
  {
    "ID": "1729413",
    "Name": "Пустоходова Мария",
    "Age": "73"
  },
  {
    "ID": "1735693",
    "Name": "Бердяев Семен",
    "Age": "79"
  },
  {
    "ID": "1741624",
    "Name": "Косков Ярослав",
    "Age": "38"
  },
  {
    "ID": "1744833",
    "Name": "Тянникова Владлена",
    "Age": "27"
  },
  {
    "ID": "1752344",
    "Name": "Косарёва Наталья",
    "Age": "26"
  },
  {
    "ID": "1752786",
    "Name": "Эвентов Самуил",
    "Age": "24"
  },
  {
    "ID": "1762512",
    "Name": "Митасов Клавдий",
    "Age": "17"
  },
  {
    "ID": "1766917",
    "Name": "Сенькина Оксана",
    "Age": "53"
  },
  {
    "ID": "1768558",
    "Name": "Трофимова Владислава",
    "Age": "26"
  },
  {
    "ID": "1776494",
    "Name": "Рязанцева Зоя",
    "Age": "23"
  },
  {
    "ID": "1776561",
    "Name": "Державина ﻿Агата",
    "Age": "79"
  },
  {
    "ID": "1780134",
    "Name": "Кярбер Ким",
    "Age": "16"
  },
  {
    "ID": "1789221",
    "Name": "Мананников Фока",
    "Age": "36"
  },
  {
    "ID": "1798553",
    "Name": "Минеева Жанна",
    "Age": "18"
  },
  {
    "ID": "1800647",
    "Name": "Борисов Даниил",
    "Age": "20"
  },
  {
    "ID": "1807635",
    "Name": "Коновалова Розалия",
    "Age": "55"
  },
  {
    "ID": "1813953",
    "Name": "Куклачёва Злата",
    "Age": "44"
  },
  {
    "ID": "1816811",
    "Name": "Бильбасова Анастасия",
    "Age": "50"
  },
  {
    "ID": "1826668",
    "Name": "Григорьева Ульяна",
    "Age": "16"
  },
  {
    "ID": "1827749",
    "Name": "Нагибина Яна",
    "Age": "47"
  },
  {
    "ID": "1828959",
    "Name": "Кондаков Никанор",
    "Age": "87"
  },
  {
    "ID": "1838358",
    "Name": "Крутелева Аза",
    "Age": "36"
  },
  {
    "ID": "1839667",
    "Name": "Квакина Элеонора",
    "Age": "16"
  },
  {
    "ID": "1847105",
    "Name": "Кушнарёва Эмма",
    "Age": "73"
  },
  {
    "ID": "1855151",
    "Name": "Сигачёва Наталья",
    "Age": "31"
  },
  {
    "ID": "1862644",
    "Name": "Расторгуева Агафья",
    "Age": "19"
  },
  {
    "ID": "1865954",
    "Name": "Веденина Рената",
    "Age": "21"
  },
  {
    "ID": "1873757",
    "Name": "Просвирнина Татьяна",
    "Age": "57"
  },
  {
    "ID": "1876271",
    "Name": "Лобова Оксана",
    "Age": "86"
  },
  {
    "ID": "1884609",
    "Name": "Соломина Майя",
    "Age": "61"
  },
  {
    "ID": "1891236",
    "Name": "Полякова Ксения",
    "Age": "19"
  },
  {
    "ID": "1900312",
    "Name": "Лесков Руслан",
    "Age": "19"
  },
  {
    "ID": "1907020",
    "Name": "Саракаев Рубен",
    "Age": "15"
  },
  {
    "ID": "1907806",
    "Name": "Нустров Карл",
    "Age": "37"
  },
  {
    "ID": "1908740",
    "Name": "Тычинин Николай",
    "Age": "22"
  },
  {
    "ID": "1917051",
    "Name": "Ярыгина Варвара",
    "Age": "24"
  },
  {
    "ID": "1921182",
    "Name": "Головнин Вячеслав",
    "Age": "37"
  },
  {
    "ID": "1927528",
    "Name": "Созонтова Лиана",
    "Age": "19"
  },
  {
    "ID": "1937336",
    "Name": "Гибазова Евдокия",
    "Age": "16"
  },
  {
    "ID": "1945057",
    "Name": "Курневича Каролина",
    "Age": "24"
  },
  {
    "ID": "1949745",
    "Name": "Кирпа Наталья",
    "Age": "23"
  },
  {
    "ID": "1953927",
    "Name": "Нусинов Рюрик",
    "Age": "28"
  },
  {
    "ID": "1959663",
    "Name": "Корнилов Ян",
    "Age": "32"
  },
  {
    "ID": "1969336",
    "Name": "Полушина Татьяна",
    "Age": "14"
  },
  {
    "ID": "1979029",
    "Name": "Сучков Венедикт",
    "Age": "70"
  },
  {
    "ID": "1985145",
    "Name": "Седегов Серафим",
    "Age": "76"
  },
  {
    "ID": "1990253",
    "Name": "Чекмарёва Арина",
    "Age": "43"
  },
  {
    "ID": "1991946",
    "Name": "Трофимова Владлена",
    "Age": "14"
  },
  {
    "ID": "1998813",
    "Name": "Чепурин Чеслав",
    "Age": "14"
  },
  {
    "ID": "2000439",
    "Name": "Шаталов Евсей",
    "Age": "72"
  },
  {
    "ID": "2003663",
    "Name": "Ефимова Элеонора",
    "Age": "46"
  },
  {
    "ID": "2005124",
    "Name": "Деменока Полина",
    "Age": "21"
  },
  {
    "ID": "2010459",
    "Name": "Юренева Рада",
    "Age": "61"
  },
  {
    "ID": "2013305",
    "Name": "Прудникова Ирина",
    "Age": "82"
  },
  {
    "ID": "2022591",
    "Name": "Сазонтов Казимир",
    "Age": "21"
  },
  {
    "ID": "2024405",
    "Name": "Воробьева Марина",
    "Age": "58"
  },
  {
    "ID": "2025034",
    "Name": "Моренов Наум",
    "Age": "25"
  },
  {
    "ID": "2034599",
    "Name": "Калюта Чеслав",
    "Age": "73"
  },
  {
    "ID": "2036005",
    "Name": "Ермилова ﻿Агата",
    "Age": "48"
  },
  {
    "ID": "2041750",
    "Name": "Клюкин Моисей",
    "Age": "24"
  },
  {
    "ID": "2051438",
    "Name": "Энтина Владислава",
    "Age": "37"
  },
  {
    "ID": "2055667",
    "Name": "Самойлов Степан",
    "Age": "26"
  },
  {
    "ID": "2057267",
    "Name": "Вирановский Венедикт",
    "Age": "45"
  },
  {
    "ID": "2058670",
    "Name": "Хигир Павел",
    "Age": "36"
  },
  {
    "ID": "2064526",
    "Name": "Крылов Капитон",
    "Age": "28"
  },
  {
    "ID": "2071468",
    "Name": "Бабченко Герман",
    "Age": "27"
  },
  {
    "ID": "2072258",
    "Name": "Гуляев Дмитрий",
    "Age": "19"
  },
  {
    "ID": "2079352",
    "Name": "Ошуркова Мария",
    "Age": "38"
  },
  {
    "ID": "2083237",
    "Name": "Дунин-Барковский Федор",
    "Age": "43"
  },
  {
    "ID": "2083699",
    "Name": "Коровина Инга",
    "Age": "54"
  },
  {
    "ID": "2087505",
    "Name": "Рабиновича Христина",
    "Age": "77"
  },
  {
    "ID": "2093786",
    "Name": "Гайдук Эммануил",
    "Age": "18"
  },
  {
    "ID": "2098717",
    "Name": "Каширина Ульяна",
    "Age": "56"
  },
  {
    "ID": "2103921",
    "Name": "Цейдлиц Илья",
    "Age": "56"
  },
  {
    "ID": "2108304",
    "Name": "Скоробогатов Виталий",
    "Age": "32"
  },
  {
    "ID": "2110884",
    "Name": "Ярилова Оксана",
    "Age": "35"
  },
  {
    "ID": "2112443",
    "Name": "Есаулова Каролина",
    "Age": "77"
  },
  {
    "ID": "2116682",
    "Name": "Полевщиков Лука",
    "Age": "18"
  },
  {
    "ID": "2116845",
    "Name": "Эйлера Зинаида",
    "Age": "20"
  },
  {
    "ID": "2121612",
    "Name": "Колтышев Парфен",
    "Age": "37"
  },
  {
    "ID": "2124350",
    "Name": "Подмазко Владлена",
    "Age": "14"
  },
  {
    "ID": "2132645",
    "Name": "Северинов Прокофий",
    "Age": "67"
  },
  {
    "ID": "2140339",
    "Name": "Мохов Денис",
    "Age": "45"
  },
  {
    "ID": "2142112",
    "Name": "Орлова Берта",
    "Age": "19"
  },
  {
    "ID": "2150956",
    "Name": "Созонова Лариса",
    "Age": "25"
  },
  {
    "ID": "2151712",
    "Name": "Огурцова Тамара",
    "Age": "28"
  },
  {
    "ID": "2159142",
    "Name": "Голышев Всеслав",
    "Age": "16"
  },
  {
    "ID": "2166825",
    "Name": "Экспериментов Никифор",
    "Age": "84"
  },
  {
    "ID": "2173484",
    "Name": "Сиянгулова Маргарита",
    "Age": "31"
  },
  {
    "ID": "2176145",
    "Name": "Шаломенцева Татьяна",
    "Age": "16"
  },
  {
    "ID": "2184875",
    "Name": "Янкилович Ираклий",
    "Age": "77"
  },
  {
    "ID": "2191617",
    "Name": "Березовский Соломон",
    "Age": "42"
  },
  {
    "ID": "2195988",
    "Name": "Сьянова Анна",
    "Age": "31"
  },
  {
    "ID": "2203696",
    "Name": "Комиссарова Марианна",
    "Age": "24"
  },
  {
    "ID": "2208559",
    "Name": "Кярбера Антонина",
    "Age": "25"
  },
  {
    "ID": "2216908",
    "Name": "Глоба Мирослава",
    "Age": "18"
  },
  {
    "ID": "2223484",
    "Name": "Юрнаев Лавр",
    "Age": "29"
  },
  {
    "ID": "2230732",
    "Name": "Торсунова Рената",
    "Age": "35"
  },
  {
    "ID": "2238732",
    "Name": "Яклашкина Клара",
    "Age": "35"
  },
  {
    "ID": "2240791",
    "Name": "Янин Фока",
    "Age": "88"
  },
  {
    "ID": "2250065",
    "Name": "Пудин Эрнст",
    "Age": "26"
  },
  {
    "ID": "2255356",
    "Name": "Насонов Моисей",
    "Age": "29"
  },
  {
    "ID": "2259576",
    "Name": "Клокова Нона",
    "Age": "30"
  },
  {
    "ID": "2262161",
    "Name": "Круминь Агафон",
    "Age": "82"
  },
  {
    "ID": "2267033",
    "Name": "Фонвизина Зоя",
    "Age": "22"
  },
  {
    "ID": "2270534",
    "Name": "Капшукова Владислава",
    "Age": "32"
  },
  {
    "ID": "2279044",
    "Name": "Краевич Филимон",
    "Age": "28"
  },
  {
    "ID": "2283838",
    "Name": "Крыжов Илья",
    "Age": "37"
  },
  {
    "ID": "2291023",
    "Name": "Гулин Прокофий",
    "Age": "73"
  },
  {
    "ID": "2297222",
    "Name": "Ожгибесов Владимир",
    "Age": "24"
  },
  {
    "ID": "2306982",
    "Name": "Каца Рената",
    "Age": "24"
  },
  {
    "ID": "2315693",
    "Name": "Покалюка Клара",
    "Age": "61"
  },
  {
    "ID": "2322124",
    "Name": "Юбкина Яна",
    "Age": "30"
  },
  {
    "ID": "2327488",
    "Name": "Сагунов Никон",
    "Age": "26"
  },
  {
    "ID": "2333256",
    "Name": "Доскалиев Мефодий",
    "Age": "22"
  },
  {
    "ID": "2337772",
    "Name": "Агейкина Эмма",
    "Age": "23"
  },
  {
    "ID": "2342010",
    "Name": "Квасникова Агния",
    "Age": "32"
  },
  {
    "ID": "2347639",
    "Name": "Деменока Светлана",
    "Age": "27"
  },
  {
    "ID": "2355878",
    "Name": "Муравьев Никифор",
    "Age": "22"
  },
  {
    "ID": "2363425",
    "Name": "Малюгин Семён",
    "Age": "21"
  },
  {
    "ID": "2372061",
    "Name": "Старкова Юнона",
    "Age": "22"
  },
  {
    "ID": "2381345",
    "Name": "Дыховичный Александра",
    "Age": "31"
  },
  {
    "ID": "2389128",
    "Name": "Нутрихин Филипп",
    "Age": "31"
  },
  {
    "ID": "2392425",
    "Name": "Шульгин Виссарион",
    "Age": "62"
  },
  {
    "ID": "2401489",
    "Name": "Грабарь Эмма",
    "Age": "46"
  },
  {
    "ID": "2402764",
    "Name": "Липина Анфиса",
    "Age": "30"
  },
  {
    "ID": "2411681",
    "Name": "Пустова Каролина",
    "Age": "62"
  },
  {
    "ID": "2414096",
    "Name": "Шабунина Любовь",
    "Age": "22"
  },
  {
    "ID": "2415464",
    "Name": "Просвирнин Фока",
    "Age": "25"
  },
  {
    "ID": "2419669",
    "Name": "Коченков Парфен",
    "Age": "29"
  },
  {
    "ID": "2424732",
    "Name": "Кругликов Чеслав",
    "Age": "28"
  },
  {
    "ID": "2430438",
    "Name": "Жутова Рената",
    "Age": "23"
  },
  {
    "ID": "2433236",
    "Name": "Фареста Лилия",
    "Age": "26"
  },
  {
    "ID": "2436569",
    "Name": "Витинский Самсон",
    "Age": "72"
  },
  {
    "ID": "2440119",
    "Name": "Балтабева Аза",
    "Age": "76"
  },
  {
    "ID": "2449252",
    "Name": "Ряхина Ираида",
    "Age": "27"
  },
  {
    "ID": "2456263",
    "Name": "Шувалова Светлана",
    "Age": "87"
  },
  {
    "ID": "2457836",
    "Name": "Шагидзянов Лука",
    "Age": "14"
  },
  {
    "ID": "2458450",
    "Name": "Бабикова Екатерина",
    "Age": "14"
  },
  {
    "ID": "2467264",
    "Name": "Ясюлевича Тамара",
    "Age": "26"
  },
  {
    "ID": "2476335",
    "Name": "Халимдаров Самсон",
    "Age": "79"
  },
  {
    "ID": "2480832",
    "Name": "Осолодкин Яков",
    "Age": "31"
  },
  {
    "ID": "2487229",
    "Name": "Оспищева Изольда",
    "Age": "61"
  },
  {
    "ID": "2493252",
    "Name": "Яцков Евсей",
    "Age": "21"
  },
  {
    "ID": "2493699",
    "Name": "Бочко Наталья",
    "Age": "32"
  },
  {
    "ID": "2499032",
    "Name": "Трутнев Капитон",
    "Age": "25"
  },
  {
    "ID": "2508978",
    "Name": "Вихров Нестор",
    "Age": "24"
  },
  {
    "ID": "2511169",
    "Name": "Хуторской Парфен",
    "Age": "18"
  },
  {
    "ID": "2515185",
    "Name": "Безродный Полина",
    "Age": "67"
  },
  {
    "ID": "2525150",
    "Name": "Негуторов Измаил",
    "Age": "37"
  },
  {
    "ID": "2529365",
    "Name": "Козин Трофим",
    "Age": "88"
  },
  {
    "ID": "2533270",
    "Name": "Лыкова Злата",
    "Age": "21"
  },
  {
    "ID": "2542330",
    "Name": "Мохов Тихон",
    "Age": "14"
  },
  {
    "ID": "2544261",
    "Name": "Рамазанов Яков",
    "Age": "59"
  },
  {
    "ID": "2545326",
    "Name": "Халски Тарас",
    "Age": "21"
  },
  {
    "ID": "2553234",
    "Name": "Вагина Пелагея",
    "Age": "26"
  },
  {
    "ID": "2559501",
    "Name": "Гавшина Алина",
    "Age": "45"
  },
  {
    "ID": "2566930",
    "Name": "Щеголева Стела",
    "Age": "16"
  },
  {
    "ID": "2573192",
    "Name": "Носатенко Ипполит",
    "Age": "17"
  },
  {
    "ID": "2579291",
    "Name": "Юдин Игнатий",
    "Age": "57"
  },
  {
    "ID": "2582023",
    "Name": "Ягубский Михей",
    "Age": "37"
  },
  {
    "ID": "2582335",
    "Name": "Русаков Нестор",
    "Age": "73"
  },
  {
    "ID": "2586814",
    "Name": "Нуряев Нестор",
    "Age": "28"
  },
  {
    "ID": "2587348",
    "Name": "Борщёва Анфиса",
    "Age": "24"
  },
  {
    "ID": "2594304",
    "Name": "Кондучалов Евсей",
    "Age": "30"
  },
  {
    "ID": "2601391",
    "Name": "Воронцов Виталий",
    "Age": "28"
  },
  {
    "ID": "2605687",
    "Name": "Кемоклидзе Изольда",
    "Age": "56"
  },
  {
    "ID": "2614113",
    "Name": "Дагиров Гавриил",
    "Age": "42"
  },
  {
    "ID": "2617959",
    "Name": "Бугаков Иван",
    "Age": "48"
  },
  {
    "ID": "2619880",
    "Name": "Язьков Ефрем",
    "Age": "28"
  },
  {
    "ID": "2623077",
    "Name": "Шалаганова Лиана",
    "Age": "39"
  },
  {
    "ID": "2630218",
    "Name": "Ярлыков Рубен",
    "Age": "32"
  },
  {
    "ID": "2639934",
    "Name": "Коржаева Любава",
    "Age": "22"
  },
  {
    "ID": "2641567",
    "Name": "Бочкарёв Никон",
    "Age": "42"
  },
  {
    "ID": "2644142",
    "Name": "Балашова Елизавета",
    "Age": "38"
  },
  {
    "ID": "2653347",
    "Name": "Половцев Феофан",
    "Age": "29"
  },
  {
    "ID": "2660632",
    "Name": "Епанчин Рубен",
    "Age": "37"
  },
  {
    "ID": "2661335",
    "Name": "Лазарева Эмма",
    "Age": "71"
  },
  {
    "ID": "2664062",
    "Name": "Филиппова Алина",
    "Age": "36"
  },
  {
    "ID": "2671360",
    "Name": "Рыжиков Егор",
    "Age": "26"
  },
  {
    "ID": "2672040",
    "Name": "Низовцева Ксения",
    "Age": "29"
  },
  {
    "ID": "2678303",
    "Name": "Бугайчук Геннадий",
    "Age": "21"
  },
  {
    "ID": "2686159",
    "Name": "Цызырев Лев",
    "Age": "40"
  },
  {
    "ID": "2695416",
    "Name": "Янькова Нина",
    "Age": "34"
  },
  {
    "ID": "2695848",
    "Name": "Большакова Елизавета",
    "Age": "29"
  },
  {
    "ID": "2698952",
    "Name": "Холостых Богдан",
    "Age": "24"
  },
  {
    "ID": "2700027",
    "Name": "Юшкова Марфа",
    "Age": "80"
  },
  {
    "ID": "2703103",
    "Name": "Карпюк Валерьян",
    "Age": "28"
  },
  {
    "ID": "2711583",
    "Name": "Сиянскиха Анастасия",
    "Age": "81"
  },
  {
    "ID": "2720255",
    "Name": "Яндуткина Римма",
    "Age": "17"
  },
  {
    "ID": "2729653",
    "Name": "Неделяев Демьян",
    "Age": "82"
  },
  {
    "ID": "2731556",
    "Name": "Ярилов Лука",
    "Age": "19"
  },
  {
    "ID": "2734725",
    "Name": "Дьячков Василий",
    "Age": "48"
  },
  {
    "ID": "2742794",
    "Name": "Кошелева Алина",
    "Age": "36"
  },
  {
    "ID": "2751544",
    "Name": "Коршикова Зинаида",
    "Age": "17"
  },
  {
    "ID": "2760588",
    "Name": "Конак Яков",
    "Age": "23"
  },
  {
    "ID": "2764837",
    "Name": "Зонов Артемий",
    "Age": "78"
  },
  {
    "ID": "2773892",
    "Name": "Другов Иван",
    "Age": "17"
  },
  {
    "ID": "2782850",
    "Name": "Чечёткин Мартын",
    "Age": "17"
  },
  {
    "ID": "2785812",
    "Name": "Куцака Бронислава",
    "Age": "29"
  },
  {
    "ID": "2793691",
    "Name": "Новолодский Вадим",
    "Age": "71"
  },
  {
    "ID": "2800735",
    "Name": "Соломин Кузьма",
    "Age": "67"
  },
  {
    "ID": "2809494",
    "Name": "Ямзина Роза",
    "Age": "32"
  },
  {
    "ID": "2811769",
    "Name": "Григорьева Любава",
    "Age": "83"
  },
  {
    "ID": "2813390",
    "Name": "Еськов Андрей",
    "Age": "24"
  },
  {
    "ID": "2813497",
    "Name": "Быстрова Ираида",
    "Age": "61"
  },
  {
    "ID": "2814291",
    "Name": "Серёгин Егор",
    "Age": "68"
  },
  {
    "ID": "2815047",
    "Name": "Кокорин Владислав",
    "Age": "59"
  },
  {
    "ID": "2824492",
    "Name": "Табаков Вацлав",
    "Age": "16"
  },
  {
    "ID": "2828465",
    "Name": "Хромова Дина",
    "Age": "67"
  },
  {
    "ID": "2835076",
    "Name": "Ямлиханова Агафья",
    "Age": "15"
  },
  {
    "ID": "2837412",
    "Name": "Мячиков Владислав",
    "Age": "38"
  },
  {
    "ID": "2844140",
    "Name": "Янышев Савелий",
    "Age": "31"
  },
  {
    "ID": "2851165",
    "Name": "Курышина Татьяна",
    "Age": "82"
  },
  {
    "ID": "2852829",
    "Name": "Дрокова Лариса",
    "Age": "64"
  },
  {
    "ID": "2858932",
    "Name": "Дёмшина Фаина",
    "Age": "35"
  },
  {
    "ID": "2864183",
    "Name": "Страхова Людмила",
    "Age": "28"
  },
  {
    "ID": "2869486",
    "Name": "Бугакова Пелагея",
    "Age": "37"
  },
  {
    "ID": "2869799",
    "Name": "Шлиппенбах Иван",
    "Age": "66"
  },
  {
    "ID": "2871099",
    "Name": "Рыжков Эммануил",
    "Age": "86"
  },
  {
    "ID": "2879301",
    "Name": "Зыльков Игорь",
    "Age": "23"
  },
  {
    "ID": "2886803",
    "Name": "Кирилловский Геннадий",
    "Age": "66"
  },
  {
    "ID": "2887628",
    "Name": "Комаров Вячеслав",
    "Age": "18"
  },
  {
    "ID": "2889954",
    "Name": "Ивашечкин Юлий",
    "Age": "25"
  },
  {
    "ID": "2895132",
    "Name": "Яблонев Михей",
    "Age": "17"
  },
  {
    "ID": "2905109",
    "Name": "Сидорова Тамара",
    "Age": "70"
  },
  {
    "ID": "2905482",
    "Name": "Луговой Ника",
    "Age": "26"
  },
  {
    "ID": "2909218",
    "Name": "Волгин Артем",
    "Age": "25"
  },
  {
    "ID": "2916395",
    "Name": "Рябкина Ефросинья",
    "Age": "42"
  },
  {
    "ID": "2918131",
    "Name": "Мартюшев Агафон",
    "Age": "81"
  },
  {
    "ID": "2918167",
    "Name": "Янушковский Степан",
    "Age": "71"
  },
  {
    "ID": "2923410",
    "Name": "Слатин Валерий",
    "Age": "28"
  },
  {
    "ID": "2925019",
    "Name": "Колодезев Владилен",
    "Age": "26"
  },
  {
    "ID": "2934461",
    "Name": "Григорьева Галина",
    "Age": "64"
  },
  {
    "ID": "2944260",
    "Name": "Русаков Федот",
    "Age": "27"
  },
  {
    "ID": "2950975",
    "Name": "Янов Виссарион",
    "Age": "38"
  },
  {
    "ID": "2958261",
    "Name": "Штыков Тимофей",
    "Age": "40"
  },
  {
    "ID": "2960680",
    "Name": "Сергеева Лидия",
    "Age": "32"
  },
  {
    "ID": "2964234",
    "Name": "Ямбаева Инесса",
    "Age": "16"
  },
  {
    "ID": "2967410",
    "Name": "Клинских Михей",
    "Age": "32"
  },
  {
    "ID": "2976838",
    "Name": "Прибыльнова Фаина",
    "Age": "35"
  },
  {
    "ID": "2984482",
    "Name": "Унтилова Елена",
    "Age": "27"
  },
  {
    "ID": "2988581",
    "Name": "Чуркина Раиса",
    "Age": "25"
  },
  {
    "ID": "2998387",
    "Name": "Витвинина Ксения",
    "Age": "69"
  },
  {
    "ID": "3003048",
    "Name": "Лоскутова Юнона",
    "Age": "19"
  },
  {
    "ID": "3007797",
    "Name": "Ястребенецкий Владислав",
    "Age": "62"
  },
  {
    "ID": "3015935",
    "Name": "Горюнов Лаврентий",
    "Age": "27"
  },
  {
    "ID": "3022879",
    "Name": "Хейчеев Мирослав",
    "Age": "69"
  },
  {
    "ID": "3028896",
    "Name": "Камбаров Артём",
    "Age": "38"
  },
  {
    "ID": "3029922",
    "Name": "Иволгин Феликс",
    "Age": "24"
  },
  {
    "ID": "3031202",
    "Name": "Белкина Эмилия",
    "Age": "38"
  },
  {
    "ID": "3036283",
    "Name": "Автухова Фаина",
    "Age": "18"
  },
  {
    "ID": "3044218",
    "Name": "Юхтриц Филипп",
    "Age": "22"
  },
  {
    "ID": "3050639",
    "Name": "Челомеев Аскольд",
    "Age": "38"
  },
  {
    "ID": "3053683",
    "Name": "Лепёхин Прокл",
    "Age": "31"
  },
  {
    "ID": "3063551",
    "Name": "Сушилова Анна",
    "Age": "54"
  },
  {
    "ID": "3064810",
    "Name": "Другакова Стела",
    "Age": "28"
  },
  {
    "ID": "3073345",
    "Name": "Кулатова Антонина",
    "Age": "59"
  },
  {
    "ID": "3075196",
    "Name": "Ягупова Зинаида",
    "Age": "35"
  },
  {
    "ID": "3082305",
    "Name": "Ажикелямова Майя",
    "Age": "83"
  },
  {
    "ID": "3090545",
    "Name": "Касатый Дарья",
    "Age": "47"
  },
  {
    "ID": "3098174",
    "Name": "Ошурков Павел",
    "Age": "31"
  },
  {
    "ID": "3098204",
    "Name": "Чуканова Лидия",
    "Age": "32"
  },
  {
    "ID": "3105972",
    "Name": "Белозерцева Роза",
    "Age": "24"
  },
  {
    "ID": "3113508",
    "Name": "Луговой Никита",
    "Age": "36"
  },
  {
    "ID": "3115124",
    "Name": "Комарова Мирослава",
    "Age": "31"
  },
  {
    "ID": "3123942",
    "Name": "Матизова Рената",
    "Age": "36"
  },
  {
    "ID": "3126904",
    "Name": "Букирь Герман",
    "Age": "18"
  },
  {
    "ID": "3136115",
    "Name": "Ярина Роза",
    "Age": "45"
  },
  {
    "ID": "3137184",
    "Name": "Буклина Регина",
    "Age": "37"
  },
  {
    "ID": "3140540",
    "Name": "Жиглов Венедикт",
    "Age": "23"
  },
  {
    "ID": "3149505",
    "Name": "Радыгин Мирослав",
    "Age": "79"
  },
  {
    "ID": "3159238",
    "Name": "Фомичёв Лев",
    "Age": "27"
  },
  {
    "ID": "3163453",
    "Name": "Козлитина Влада",
    "Age": "50"
  },
  {
    "ID": "3171144",
    "Name": "Губин Аким",
    "Age": "24"
  },
  {
    "ID": "3173352",
    "Name": "Кондурова Розалия",
    "Age": "14"
  },
  {
    "ID": "3180330",
    "Name": "Емельянов Игнатий",
    "Age": "24"
  },
  {
    "ID": "3182267",
    "Name": "Нутрихин Арсений",
    "Age": "55"
  },
  {
    "ID": "3192044",
    "Name": "Шагидзянова Дарья",
    "Age": "17"
  },
  {
    "ID": "3196322",
    "Name": "Эрдниев Семен",
    "Age": "30"
  },
  {
    "ID": "3201552",
    "Name": "Горшкова Вероника",
    "Age": "19"
  },
  {
    "ID": "3204327",
    "Name": "Шемякин Ростислав",
    "Age": "18"
  },
  {
    "ID": "3210803",
    "Name": "Гроша Любовь",
    "Age": "15"
  },
  {
    "ID": "3217722",
    "Name": "Оленева Наталия",
    "Age": "32"
  },
  {
    "ID": "3217899",
    "Name": "Сагадиева Татьяна",
    "Age": "75"
  },
  {
    "ID": "3225826",
    "Name": "Папилов Герасим",
    "Age": "18"
  },
  {
    "ID": "3234379",
    "Name": "Мисалова Светлана",
    "Age": "35"
  },
  {
    "ID": "3241408",
    "Name": "Шувалова Пелагея",
    "Age": "32"
  },
  {
    "ID": "3245320",
    "Name": "Ерёмин Фадей",
    "Age": "14"
  },
  {
    "ID": "3251564",
    "Name": "Дудника Светлана",
    "Age": "31"
  },
  {
    "ID": "3257245",
    "Name": "Федосов Лев",
    "Age": "55"
  },
  {
    "ID": "3258909",
    "Name": "Кизатов Филимон",
    "Age": "17"
  },
  {
    "ID": "3268847",
    "Name": "Суханова Доминика",
    "Age": "39"
  },
  {
    "ID": "3278082",
    "Name": "Нусинов Поликарп",
    "Age": "32"
  },
  {
    "ID": "3279522",
    "Name": "Венедиктов Сократ",
    "Age": "20"
  },
  {
    "ID": "3282559",
    "Name": "Бережной Лука",
    "Age": "47"
  },
  {
    "ID": "3290720",
    "Name": "Бибиков Авдей",
    "Age": "19"
  },
  {
    "ID": "3296786",
    "Name": "Жвиков Леонид",
    "Age": "14"
  },
  {
    "ID": "3305101",
    "Name": "Медведева Евгения",
    "Age": "23"
  },
  {
    "ID": "3308616",
    "Name": "Глен Архип",
    "Age": "33"
  },
  {
    "ID": "3318511",
    "Name": "Мухина Софья",
    "Age": "77"
  },
  {
    "ID": "3327068",
    "Name": "Яскина Валентина",
    "Age": "26"
  },
  {
    "ID": "3329766",
    "Name": "Бесчастныха Инга",
    "Age": "33"
  },
  {
    "ID": "3330389",
    "Name": "Ажикелямова Антонина",
    "Age": "31"
  },
  {
    "ID": "3333249",
    "Name": "Ожгибесов Валентин",
    "Age": "41"
  },
  {
    "ID": "3339435",
    "Name": "Федоров Лев",
    "Age": "75"
  },
  {
    "ID": "3349321",
    "Name": "Яковлева Рада",
    "Age": "20"
  },
  {
    "ID": "3351362",
    "Name": "Чуканова Лиана",
    "Age": "15"
  },
  {
    "ID": "3357543",
    "Name": "Доронина Любава",
    "Age": "54"
  },
  {
    "ID": "3358630",
    "Name": "Шкуратов Клавдий",
    "Age": "35"
  },
  {
    "ID": "3367713",
    "Name": "Полынов Ростислав",
    "Age": "75"
  },
  {
    "ID": "3368320",
    "Name": "Попова Ксения",
    "Age": "35"
  },
  {
    "ID": "3373711",
    "Name": "Ошурков Михаил",
    "Age": "29"
  },
  {
    "ID": "3376761",
    "Name": "Ямщикова Надежда",
    "Age": "25"
  },
  {
    "ID": "3385161",
    "Name": "Горелова Пелагея",
    "Age": "15"
  },
  {
    "ID": "3394474",
    "Name": "Пургина Кристина",
    "Age": "20"
  },
  {
    "ID": "3401902",
    "Name": "Дорога Порфирий",
    "Age": "33"
  },
  {
    "ID": "3406423",
    "Name": "Телицына Нона",
    "Age": "50"
  },
  {
    "ID": "3416276",
    "Name": "Кабаева Вероника",
    "Age": "29"
  },
  {
    "ID": "3422585",
    "Name": "Званцова Яна",
    "Age": "39"
  },
  {
    "ID": "3428223",
    "Name": "Каблуков Егор",
    "Age": "73"
  },
  {
    "ID": "3433826",
    "Name": "Янчуров Трофим",
    "Age": "22"
  },
  {
    "ID": "3438192",
    "Name": "Богатырева Ефросиния",
    "Age": "33"
  },
  {
    "ID": "3448093",
    "Name": "Трунин Илья",
    "Age": "18"
  },
  {
    "ID": "3452863",
    "Name": "Глинина Зинаида",
    "Age": "35"
  },
  {
    "ID": "3461918",
    "Name": "Рабинович Елизар",
    "Age": "23"
  },
  {
    "ID": "3468685",
    "Name": "Пузанов Лука",
    "Age": "60"
  },
  {
    "ID": "3472235",
    "Name": "Нутрихина Милена",
    "Age": "82"
  },
  {
    "ID": "3478218",
    "Name": "Носачёв Вадим",
    "Age": "24"
  },
  {
    "ID": "3483509",
    "Name": "Щенин Борис",
    "Age": "84"
  },
  {
    "ID": "3484300",
    "Name": "Завражина Оксана",
    "Age": "25"
  },
  {
    "ID": "3485175",
    "Name": "Балтабева Нина",
    "Age": "36"
  },
  {
    "ID": "3487014",
    "Name": "Соболевский Терентий",
    "Age": "36"
  },
  {
    "ID": "3494396",
    "Name": "Куанышбаева Ариадна",
    "Age": "30"
  },
  {
    "ID": "3498477",
    "Name": "Зуев Мстислав",
    "Age": "56"
  },
  {
    "ID": "3499127",
    "Name": "Якушов Мефодий",
    "Age": "20"
  },
  {
    "ID": "3500436",
    "Name": "Солодский Парфен",
    "Age": "28"
  },
  {
    "ID": "3506494",
    "Name": "Курбатов Михаил",
    "Age": "33"
  },
  {
    "ID": "3509678",
    "Name": "Ушаков Бронислав",
    "Age": "24"
  },
  {
    "ID": "3511484",
    "Name": "Веденеева Ангелина",
    "Age": "16"
  },
  {
    "ID": "3516252",
    "Name": "Олейников Иннокентий",
    "Age": "35"
  },
  {
    "ID": "3520952",
    "Name": "Тукаева Доминика",
    "Age": "34"
  },
  {
    "ID": "3529506",
    "Name": "Кимаск Родион",
    "Age": "24"
  },
  {
    "ID": "3537936",
    "Name": "Окладников Анатолий",
    "Age": "29"
  },
  {
    "ID": "3546935",
    "Name": "Краснов Антип",
    "Age": "24"
  },
  {
    "ID": "3551285",
    "Name": "Кошелькова Владислава",
    "Age": "84"
  },
  {
    "ID": "3560837",
    "Name": "Ажикелямов Онуфрий",
    "Age": "33"
  },
  {
    "ID": "3565601",
    "Name": "Букин Эрнест",
    "Age": "79"
  },
  {
    "ID": "3567791",
    "Name": "Буркова Анна",
    "Age": "51"
  },
  {
    "ID": "3576494",
    "Name": "Абрашина Инесса",
    "Age": "27"
  },
  {
    "ID": "3585938",
    "Name": "Монакова Влада",
    "Age": "24"
  },
  {
    "ID": "3586147",
    "Name": "Островерхов Константин",
    "Age": "53"
  },
  {
    "ID": "3595083",
    "Name": "Витюгова Инга",
    "Age": "19"
  },
  {
    "ID": "3604195",
    "Name": "Черниенко Эвелина",
    "Age": "67"
  },
  {
    "ID": "3604598",
    "Name": "Ябурова Полина",
    "Age": "34"
  },
  {
    "ID": "3608917",
    "Name": "Филенкова Инга",
    "Age": "30"
  },
  {
    "ID": "3614154",
    "Name": "Туров Эммануил",
    "Age": "27"
  },
  {
    "ID": "3623741",
    "Name": "Тимофеева Александра",
    "Age": "70"
  },
  {
    "ID": "3632250",
    "Name": "Щедров Порфирий",
    "Age": "15"
  },
  {
    "ID": "3634058",
    "Name": "Цызырев Юлий",
    "Age": "15"
  },
  {
    "ID": "3637560",
    "Name": "Ярушина Розалия",
    "Age": "30"
  },
  {
    "ID": "3639351",
    "Name": "Синдеев Александр",
    "Age": "64"
  },
  {
    "ID": "3648096",
    "Name": "Гачегова Мария",
    "Age": "18"
  },
  {
    "ID": "3655638",
    "Name": "Чюличкова Кристина",
    "Age": "14"
  },
  {
    "ID": "3663181",
    "Name": "Нефёдов Эммануил",
    "Age": "77"
  },
  {
    "ID": "3663227",
    "Name": "Князев Пахом",
    "Age": "63"
  },
  {
    "ID": "3663232",
    "Name": "Яхненко Ким",
    "Age": "38"
  },
  {
    "ID": "3664779",
    "Name": "Казьмина Доминика",
    "Age": "65"
  },
  {
    "ID": "3672359",
    "Name": "Косомова Алла",
    "Age": "50"
  },
  {
    "ID": "3678689",
    "Name": "Калашник Андрей",
    "Age": "61"
  },
  {
    "ID": "3678775",
    "Name": "Яркина Эвелина",
    "Age": "65"
  },
  {
    "ID": "3682778",
    "Name": "Есенина Марфа",
    "Age": "24"
  },
  {
    "ID": "3688018",
    "Name": "Черниенко Ярослава",
    "Age": "29"
  },
  {
    "ID": "3693294",
    "Name": "Жилин Лаврентий",
    "Age": "31"
  },
  {
    "ID": "3693986",
    "Name": "Вергун Евсей",
    "Age": "20"
  },
  {
    "ID": "3694233",
    "Name": "Гольц Егор",
    "Age": "28"
  },
  {
    "ID": "3702787",
    "Name": "Янсона Зинаида",
    "Age": "36"
  },
  {
    "ID": "3711962",
    "Name": "Яшнов Вениамин",
    "Age": "30"
  },
  {
    "ID": "3714395",
    "Name": "Шидловский Олег",
    "Age": "87"
  },
  {
    "ID": "3720167",
    "Name": "Крутой Елена",
    "Age": "74"
  },
  {
    "ID": "3727128",
    "Name": "Кораков Евгений",
    "Age": "19"
  },
  {
    "ID": "3730101",
    "Name": "Умаметев Архип",
    "Age": "55"
  },
  {
    "ID": "3739928",
    "Name": "Юматов Авдей",
    "Age": "14"
  },
  {
    "ID": "3741155",
    "Name": "Шатова Валентина",
    "Age": "57"
  },
  {
    "ID": "3747461",
    "Name": "Пузакова Оксана",
    "Age": "23"
  },
  {
    "ID": "3756733",
    "Name": "Ильина Зоя",
    "Age": "20"
  },
  {
    "ID": "3763028",
    "Name": "Кочубей Татьяна",
    "Age": "35"
  },
  {
    "ID": "3770447",
    "Name": "Поливанова Полина",
    "Age": "72"
  },
  {
    "ID": "3774286",
    "Name": "Ястремский Фадей",
    "Age": "22"
  },
  {
    "ID": "3777618",
    "Name": "Попова Берта",
    "Age": "18"
  },
  {
    "ID": "3786785",
    "Name": "Шипицина Кристина",
    "Age": "74"
  },
  {
    "ID": "3787094",
    "Name": "Шандаров Лавр",
    "Age": "16"
  },
  {
    "ID": "3790312",
    "Name": "Шостенко Виктор",
    "Age": "20"
  },
  {
    "ID": "3798378",
    "Name": "Куклачёв Аким",
    "Age": "25"
  },
  {
    "ID": "3803056",
    "Name": "Дырбов Денис",
    "Age": "25"
  },
  {
    "ID": "3809071",
    "Name": "Каменчука Александра",
    "Age": "31"
  },
  {
    "ID": "3818578",
    "Name": "Воейков Виктор",
    "Age": "36"
  },
  {
    "ID": "3827625",
    "Name": "Кулигин Венедикт",
    "Age": "71"
  },
  {
    "ID": "3830596",
    "Name": "Морякова Ярослава",
    "Age": "21"
  },
  {
    "ID": "3836408",
    "Name": "Расторгуева Тамара",
    "Age": "20"
  },
  {
    "ID": "3840582",
    "Name": "Гришкин Бронислав",
    "Age": "20"
  },
  {
    "ID": "3850084",
    "Name": "Коржева Инесса",
    "Age": "29"
  },
  {
    "ID": "3853176",
    "Name": "Кирьянов Родион",
    "Age": "17"
  },
  {
    "ID": "3854307",
    "Name": "Калагин Варфоломей",
    "Age": "35"
  },
  {
    "ID": "3854404",
    "Name": "Сериков Герасим",
    "Age": "15"
  },
  {
    "ID": "3859719",
    "Name": "Замятин Пахом",
    "Age": "69"
  },
  {
    "ID": "3867715",
    "Name": "Тимошкин Ярослав",
    "Age": "52"
  },
  {
    "ID": "3876273",
    "Name": "Лунина Ирина",
    "Age": "75"
  },
  {
    "ID": "3882830",
    "Name": "Пыжалова Инна",
    "Age": "36"
  },
  {
    "ID": "3882856",
    "Name": "Конакова Изольда",
    "Age": "28"
  },
  {
    "ID": "3892399",
    "Name": "Майструк Семен",
    "Age": "45"
  },
  {
    "ID": "3897235",
    "Name": "Думановский Адам",
    "Age": "38"
  },
  {
    "ID": "3901477",
    "Name": "Махнёв Владилен",
    "Age": "27"
  },
  {
    "ID": "3911308",
    "Name": "Гольдин Изяслав",
    "Age": "34"
  },
  {
    "ID": "3914808",
    "Name": "Вавилов Григорий",
    "Age": "29"
  },
  {
    "ID": "3916673",
    "Name": "Экономова Анастасия",
    "Age": "70"
  },
  {
    "ID": "3916921",
    "Name": "Стеблева Алла",
    "Age": "30"
  },
  {
    "ID": "3925503",
    "Name": "Стеблев Сергей",
    "Age": "68"
  },
  {
    "ID": "3930043",
    "Name": "Игумнов Иван",
    "Age": "31"
  },
  {
    "ID": "3931744",
    "Name": "Слобожанин Эрнест",
    "Age": "38"
  },
  {
    "ID": "3934820",
    "Name": "Таланов Казимир",
    "Age": "38"
  },
  {
    "ID": "3937610",
    "Name": "Грекова ﻿Агата",
    "Age": "36"
  },
  {
    "ID": "3938851",
    "Name": "Карявина Дарья",
    "Age": "24"
  },
  {
    "ID": "3940406",
    "Name": "Толмачёв Василий",
    "Age": "22"
  },
  {
    "ID": "3948038",
    "Name": "Антипин Никифор",
    "Age": "25"
  },
  {
    "ID": "3954655",
    "Name": "Волков Соломон",
    "Age": "57"
  },
  {
    "ID": "3955745",
    "Name": "Таланов Модест",
    "Age": "61"
  },
  {
    "ID": "3964540",
    "Name": "Водопьянов Александр",
    "Age": "17"
  },
  {
    "ID": "3964770",
    "Name": "Черныха Екатерина",
    "Age": "22"
  },
  {
    "ID": "3971656",
    "Name": "Угличинина Елена",
    "Age": "19"
  },
  {
    "ID": "3977133",
    "Name": "Паулкин Семен",
    "Age": "71"
  },
  {
    "ID": "3983080",
    "Name": "Алябьева Ксения",
    "Age": "16"
  },
  {
    "ID": "3986670",
    "Name": "Савкина Ариадна",
    "Age": "19"
  },
  {
    "ID": "3994745",
    "Name": "Панюшкина Софья",
    "Age": "86"
  },
  {
    "ID": "3999446",
    "Name": "Астафьев Прохор",
    "Age": "38"
  },
  {
    "ID": "4005137",
    "Name": "Лагутова Ираида",
    "Age": "82"
  },
  {
    "ID": "4006975",
    "Name": "Кратенко Казимир",
    "Age": "45"
  },
  {
    "ID": "4014292",
    "Name": "Трохин Владислав",
    "Age": "18"
  },
  {
    "ID": "4017257",
    "Name": "Дарбинян Владлен",
    "Age": "49"
  },
  {
    "ID": "4023120",
    "Name": "Гурьянов Виталий",
    "Age": "32"
  },
  {
    "ID": "4028626",
    "Name": "Кахадзе Влада",
    "Age": "20"
  },
  {
    "ID": "4038028",
    "Name": "Редругина ﻿Агата",
    "Age": "37"
  },
  {
    "ID": "4041409",
    "Name": "Хмельнова Дарья",
    "Age": "78"
  },
  {
    "ID": "4045866",
    "Name": "Монаков Герман",
    "Age": "31"
  },
  {
    "ID": "4052399",
    "Name": "Дешевых Лука",
    "Age": "61"
  },
  {
    "ID": "4054176",
    "Name": "Актжанова Лариса",
    "Age": "26"
  },
  {
    "ID": "4057140",
    "Name": "Булдакова Христина",
    "Age": "26"
  },
  {
    "ID": "4061762",
    "Name": "Карташёв Сергей",
    "Age": "21"
  },
  {
    "ID": "4065025",
    "Name": "Сиянкин Александр",
    "Age": "57"
  },
  {
    "ID": "4074568",
    "Name": "Поличева Лиана",
    "Age": "35"
  },
  {
    "ID": "4082206",
    "Name": "Канадцева Алла",
    "Age": "17"
  },
  {
    "ID": "4091870",
    "Name": "Цирюльникова Ефросинья",
    "Age": "16"
  },
  {
    "ID": "4097317",
    "Name": "Волобуева Валентина",
    "Age": "63"
  },
  {
    "ID": "4097777",
    "Name": "Толбанова Лада",
    "Age": "24"
  },
  {
    "ID": "4105008",
    "Name": "Якина Злата",
    "Age": "21"
  },
  {
    "ID": "4113052",
    "Name": "Касатый Ангелина",
    "Age": "14"
  },
  {
    "ID": "4122295",
    "Name": "Капитонов Виктор",
    "Age": "52"
  },
  {
    "ID": "4132238",
    "Name": "Аршавин Михей",
    "Age": "20"
  },
  {
    "ID": "4132717",
    "Name": "Шурьев Марк",
    "Age": "80"
  },
  {
    "ID": "4141099",
    "Name": "Мозговой Ираида",
    "Age": "88"
  },
  {
    "ID": "4143312",
    "Name": "Ивашев Тарас",
    "Age": "23"
  },
  {
    "ID": "4149376",
    "Name": "Панфилова Владлена",
    "Age": "20"
  },
  {
    "ID": "4149400",
    "Name": "Шувалова Милена",
    "Age": "29"
  },
  {
    "ID": "4153851",
    "Name": "Трутнев Всеволод",
    "Age": "44"
  },
  {
    "ID": "4162180",
    "Name": "Ханинова Евдокия",
    "Age": "28"
  },
  {
    "ID": "4166728",
    "Name": "Мамин Аркадий",
    "Age": "37"
  },
  {
    "ID": "4174141",
    "Name": "Зюганов Лукьян",
    "Age": "50"
  },
  {
    "ID": "4174323",
    "Name": "Смешной Соломон",
    "Age": "55"
  },
  {
    "ID": "4177288",
    "Name": "Нырко Полина",
    "Age": "38"
  },
  {
    "ID": "4181070",
    "Name": "Апалкова Ираида",
    "Age": "21"
  },
  {
    "ID": "4189171",
    "Name": "Жилин Георгий",
    "Age": "43"
  },
  {
    "ID": "4193833",
    "Name": "Глоба Владислава",
    "Age": "29"
  },
  {
    "ID": "4201737",
    "Name": "Дудина Ефросинья",
    "Age": "55"
  },
  {
    "ID": "4211541",
    "Name": "Полухина Валентина",
    "Age": "14"
  },
  {
    "ID": "4217989",
    "Name": "Гулина Елена",
    "Age": "52"
  },
  {
    "ID": "4225123",
    "Name": "Коденко Марк",
    "Age": "22"
  },
  {
    "ID": "4231457",
    "Name": "Голышева Лидия",
    "Age": "77"
  },
  {
    "ID": "4232767",
    "Name": "Матвиенко Стела",
    "Age": "85"
  },
  {
    "ID": "4233486",
    "Name": "Тюлепова Лилия",
    "Age": "36"
  },
  {
    "ID": "4235484",
    "Name": "Крутой Лилия",
    "Age": "25"
  },
  {
    "ID": "4243334",
    "Name": "Соломина Полина",
    "Age": "25"
  },
  {
    "ID": "4247988",
    "Name": "Алябьева Ева",
    "Age": "32"
  },
  {
    "ID": "4256078",
    "Name": "Охрема Всеслава",
    "Age": "34"
  },
  {
    "ID": "4259886",
    "Name": "Федорова Агафья",
    "Age": "22"
  },
  {
    "ID": "4263339",
    "Name": "Рябоконь Андрей",
    "Age": "62"
  },
  {
    "ID": "4272183",
    "Name": "Краевич Евстигней",
    "Age": "27"
  },
  {
    "ID": "4281820",
    "Name": "Ельцова Любава",
    "Age": "27"
  },
  {
    "ID": "4284098",
    "Name": "Ковшутин Родион",
    "Age": "22"
  },
  {
    "ID": "4284649",
    "Name": "Домаша Зоя",
    "Age": "61"
  },
  {
    "ID": "4285194",
    "Name": "Блинова Ксения",
    "Age": "32"
  },
  {
    "ID": "4290542",
    "Name": "Авдошкина Ефросиния",
    "Age": "26"
  },
  {
    "ID": "4297817",
    "Name": "Колобкова Любовь",
    "Age": "19"
  },
  {
    "ID": "4305773",
    "Name": "Толстобров Лукьян",
    "Age": "36"
  },
  {
    "ID": "4314852",
    "Name": "Колосова Алиса",
    "Age": "17"
  },
  {
    "ID": "4323964",
    "Name": "Лагошина Анисья",
    "Age": "16"
  },
  {
    "ID": "4327788",
    "Name": "Красенков Дмитрий",
    "Age": "25"
  },
  {
    "ID": "4328677",
    "Name": "Ягункин Аристарх",
    "Age": "56"
  },
  {
    "ID": "4330099",
    "Name": "Корнейчука Клара",
    "Age": "74"
  },
  {
    "ID": "4333828",
    "Name": "Окладникова Розалия",
    "Age": "37"
  },
  {
    "ID": "4340933",
    "Name": "Хесмана Полина",
    "Age": "48"
  },
  {
    "ID": "4346909",
    "Name": "Лобза Евдокия",
    "Age": "86"
  },
  {
    "ID": "4354118",
    "Name": "Степанишин Денис",
    "Age": "22"
  },
  {
    "ID": "4360021",
    "Name": "Гаранина Галина",
    "Age": "52"
  },
  {
    "ID": "4367477",
    "Name": "Николюк Андриян",
    "Age": "50"
  },
  {
    "ID": "4373725",
    "Name": "Гулина Бронислава",
    "Age": "18"
  },
  {
    "ID": "4377455",
    "Name": "Ягуткин Кондрат",
    "Age": "14"
  },
  {
    "ID": "4378698",
    "Name": "Бакшаев Кир",
    "Age": "30"
  },
  {
    "ID": "4384066",
    "Name": "Негуторова Вера",
    "Age": "36"
  },
  {
    "ID": "4390210",
    "Name": "Цирюльникова Марианна",
    "Age": "15"
  },
  {
    "ID": "4391142",
    "Name": "Близнюк Матвей",
    "Age": "23"
  },
  {
    "ID": "4400408",
    "Name": "Кашарина Зоя",
    "Age": "14"
  },
  {
    "ID": "4406901",
    "Name": "Гольца Аза",
    "Age": "48"
  },
  {
    "ID": "4413410",
    "Name": "Балакин Кондрат",
    "Age": "17"
  },
  {
    "ID": "4419825",
    "Name": "Драчёва Доминика",
    "Age": "62"
  },
  {
    "ID": "4428220",
    "Name": "Занин Илья",
    "Age": "28"
  },
  {
    "ID": "4434855",
    "Name": "Месяц Юрий",
    "Age": "86"
  },
  {
    "ID": "4444449",
    "Name": "Мичуева Пелагея",
    "Age": "29"
  },
  {
    "ID": "4444890",
    "Name": "Коротаева Алина",
    "Age": "20"
  },
  {
    "ID": "4445850",
    "Name": "Вергунова Алина",
    "Age": "16"
  },
  {
    "ID": "4452606",
    "Name": "Оськин Евгений",
    "Age": "29"
  },
  {
    "ID": "4456662",
    "Name": "Кодица Зоя",
    "Age": "16"
  },
  {
    "ID": "4457584",
    "Name": "Баландина Кира",
    "Age": "21"
  },
  {
    "ID": "4465779",
    "Name": "Кононов Евсей",
    "Age": "69"
  },
  {
    "ID": "4473754",
    "Name": "Скотарев Михей",
    "Age": "28"
  },
  {
    "ID": "4483713",
    "Name": "Орехов Артём",
    "Age": "39"
  },
  {
    "ID": "4492145",
    "Name": "Плеханова Лариса",
    "Age": "25"
  },
  {
    "ID": "4497387",
    "Name": "Висенина Ариадна",
    "Age": "48"
  },
  {
    "ID": "4503953",
    "Name": "Мичурин Агафон",
    "Age": "51"
  },
  {
    "ID": "4507725",
    "Name": "Колесников Никифор",
    "Age": "49"
  },
  {
    "ID": "4508921",
    "Name": "Камалова Евдокия",
    "Age": "74"
  },
  {
    "ID": "4515070",
    "Name": "Ковшевникова Галина",
    "Age": "27"
  },
  {
    "ID": "4524030",
    "Name": "Шевцов Потап",
    "Age": "36"
  },
  {
    "ID": "4527402",
    "Name": "Лобана Алиса",
    "Age": "29"
  },
  {
    "ID": "4527502",
    "Name": "Юдачёва Пелагея",
    "Age": "26"
  },
  {
    "ID": "4536372",
    "Name": "Евдокимов Гаврила",
    "Age": "15"
  },
  {
    "ID": "4543115",
    "Name": "Ласкутин Порфирий",
    "Age": "75"
  },
  {
    "ID": "4546154",
    "Name": "Хорошавцев Гаврила",
    "Age": "15"
  },
  {
    "ID": "4549837",
    "Name": "Элиашев Самсон",
    "Age": "28"
  },
  {
    "ID": "4550103",
    "Name": "Староверов Прокл",
    "Age": "54"
  },
  {
    "ID": "4551762",
    "Name": "Гринина Алиса",
    "Age": "19"
  },
  {
    "ID": "4560226",
    "Name": "Авдошкина Маргарита",
    "Age": "26"
  },
  {
    "ID": "4563367",
    "Name": "Стрельцов Парфен",
    "Age": "14"
  },
  {
    "ID": "4564470",
    "Name": "Карданов Ефрем",
    "Age": "18"
  },
  {
    "ID": "4565077",
    "Name": "Легкодимов Михей",
    "Age": "58"
  },
  {
    "ID": "4566818",
    "Name": "Балашова Зинаида",
    "Age": "35"
  },
  {
    "ID": "4574145",
    "Name": "Никишов Тимофей",
    "Age": "74"
  },
  {
    "ID": "4575199",
    "Name": "Яковцова Любовь",
    "Age": "59"
  },
  {
    "ID": "4575842",
    "Name": "Ерхова Инесса",
    "Age": "20"
  },
  {
    "ID": "4582212",
    "Name": "Квасникова Инна",
    "Age": "28"
  },
  {
    "ID": "4589962",
    "Name": "Дьякова Пелагея",
    "Age": "29"
  },
  {
    "ID": "4593660",
    "Name": "Соколова Пелагея",
    "Age": "19"
  },
  {
    "ID": "4597638",
    "Name": "Мухов Назар",
    "Age": "15"
  },
  {
    "ID": "4599897",
    "Name": "Эсце Анфиса",
    "Age": "26"
  },
  {
    "ID": "4603472",
    "Name": "Прокашева Алина",
    "Age": "18"
  },
  {
    "ID": "4604992",
    "Name": "Аслаханов Валерий",
    "Age": "34"
  },
  {
    "ID": "4607974",
    "Name": "Зыкин Арсений",
    "Age": "34"
  },
  {
    "ID": "4608696",
    "Name": "Фарышев Мстислав",
    "Age": "33"
  },
  {
    "ID": "4615318",
    "Name": "Базин Мефодий",
    "Age": "26"
  },
  {
    "ID": "4616230",
    "Name": "Раскатов Федот",
    "Age": "38"
  },
  {
    "ID": "4621408",
    "Name": "Сиянков Евграф",
    "Age": "33"
  },
  {
    "ID": "4630885",
    "Name": "Угличинина Валерия",
    "Age": "54"
  },
  {
    "ID": "4637256",
    "Name": "Кошечкин Лаврентий",
    "Age": "18"
  },
  {
    "ID": "4644428",
    "Name": "Семерикова Злата",
    "Age": "27"
  },
  {
    "ID": "4652674",
    "Name": "Серебряков Макар",
    "Age": "16"
  },
  {
    "ID": "4660326",
    "Name": "Ильясов Серафим",
    "Age": "20"
  },
  {
    "ID": "4665279",
    "Name": "Могутов Никита",
    "Age": "21"
  },
  {
    "ID": "4674783",
    "Name": "Нотович Агап",
    "Age": "39"
  },
  {
    "ID": "4679808",
    "Name": "Блинов Давид",
    "Age": "25"
  },
  {
    "ID": "4680586",
    "Name": "Ясенева Владислава",
    "Age": "32"
  },
  {
    "ID": "4682746",
    "Name": "Цыцын Прокофий",
    "Age": "34"
  },
  {
    "ID": "4688764",
    "Name": "Безруков Казимир",
    "Age": "23"
  },
  {
    "ID": "4697270",
    "Name": "Койначёнок Кондрат",
    "Age": "24"
  },
  {
    "ID": "4703064",
    "Name": "Алленов Авдей",
    "Age": "24"
  },
  {
    "ID": "4703502",
    "Name": "Сарычев Соломон",
    "Age": "17"
  },
  {
    "ID": "4712234",
    "Name": "Быстрова Элеонора",
    "Age": "28"
  },
  {
    "ID": "4719074",
    "Name": "Барболин Лукьян",
    "Age": "16"
  },
  {
    "ID": "4725119",
    "Name": "Торопова Любава",
    "Age": "75"
  },
  {
    "ID": "4735008",
    "Name": "Рассказов Алексей",
    "Age": "25"
  },
  {
    "ID": "4743574",
    "Name": "Базаров Харитон",
    "Age": "18"
  },
  {
    "ID": "4751907",
    "Name": "Абабков Яков",
    "Age": "46"
  },
  {
    "ID": "4758187",
    "Name": "Максимова Влада",
    "Age": "87"
  },
  {
    "ID": "4761459",
    "Name": "Матвеева Роза",
    "Age": "51"
  },
  {
    "ID": "4761811",
    "Name": "Саянова Софья",
    "Age": "28"
  },
  {
    "ID": "4768256",
    "Name": "Шабунин Лаврентий",
    "Age": "37"
  },
  {
    "ID": "4775915",
    "Name": "Искрицкий Игорь",
    "Age": "18"
  },
  {
    "ID": "4776918",
    "Name": "Яблочкова Оксана",
    "Age": "29"
  },
  {
    "ID": "4784742",
    "Name": "Фамусов ﻿Август",
    "Age": "14"
  },
  {
    "ID": "4789537",
    "Name": "Гурьев Нестор",
    "Age": "16"
  },
  {
    "ID": "4792281",
    "Name": "Никонов Ким",
    "Age": "73"
  },
  {
    "ID": "4798432",
    "Name": "Полищука Жанна",
    "Age": "24"
  },
  {
    "ID": "4807056",
    "Name": "Цыринский Ираклий",
    "Age": "35"
  },
  {
    "ID": "4809214",
    "Name": "Капралова Лиана",
    "Age": "27"
  },
  {
    "ID": "4809719",
    "Name": "Кутяков Кирилл",
    "Age": "88"
  },
  {
    "ID": "4819164",
    "Name": "Горохов Мирон",
    "Age": "18"
  },
  {
    "ID": "4828463",
    "Name": "Кожухова Василиса",
    "Age": "32"
  },
  {
    "ID": "4835927",
    "Name": "Ковригина Валентина",
    "Age": "37"
  },
  {
    "ID": "4837244",
    "Name": "Лагошина Юнона",
    "Age": "15"
  },
  {
    "ID": "4841514",
    "Name": "Беломестный Кондрат",
    "Age": "22"
  },
  {
    "ID": "4841818",
    "Name": "Шубина Вероника",
    "Age": "28"
  },
  {
    "ID": "4846619",
    "Name": "Ясеневский Евстигней",
    "Age": "60"
  },
  {
    "ID": "4848583",
    "Name": "Сереброва Марина",
    "Age": "44"
  },
  {
    "ID": "4850246",
    "Name": "Илюшин Юлиан",
    "Age": "17"
  },
  {
    "ID": "4851245",
    "Name": "Папанов Герман",
    "Age": "50"
  },
  {
    "ID": "4859656",
    "Name": "Сиянковский Фока",
    "Age": "31"
  },
  {
    "ID": "4860290",
    "Name": "Лашманов Кондратий",
    "Age": "17"
  },
  {
    "ID": "4865613",
    "Name": "Бурмакина Марина",
    "Age": "85"
  },
  {
    "ID": "4870264",
    "Name": "Якурин Мирослав",
    "Age": "27"
  },
  {
    "ID": "4877957",
    "Name": "Яшнов Никита",
    "Age": "28"
  },
  {
    "ID": "4879878",
    "Name": "Архаткина Ника",
    "Age": "22"
  },
  {
    "ID": "4886480",
    "Name": "Котенко Петр",
    "Age": "35"
  },
  {
    "ID": "4889912",
    "Name": "Медведков Эрнст",
    "Age": "27"
  },
  {
    "ID": "4892116",
    "Name": "Клим Мирослав",
    "Age": "33"
  },
  {
    "ID": "4893942",
    "Name": "Трофимова Рената",
    "Age": "31"
  },
  {
    "ID": "4903450",
    "Name": "Черенчикова Оксана",
    "Age": "18"
  },
  {
    "ID": "4906872",
    "Name": "Ярощука Любава",
    "Age": "19"
  },
  {
    "ID": "4913527",
    "Name": "Корбылев Варфоломей",
    "Age": "51"
  },
  {
    "ID": "4916283",
    "Name": "Цуцкова Стела",
    "Age": "18"
  },
  {
    "ID": "4921989",
    "Name": "Пугина Ольга",
    "Age": "81"
  },
  {
    "ID": "4931595",
    "Name": "Жванец Всеволод",
    "Age": "56"
  },
  {
    "ID": "4937510",
    "Name": "Ильясова Инна",
    "Age": "24"
  },
  {
    "ID": "4946036",
    "Name": "Яценко Александра",
    "Age": "31"
  },
  {
    "ID": "4955554",
    "Name": "Слобожанин Мирон",
    "Age": "19"
  },
  {
    "ID": "4956430",
    "Name": "Коврова Полина",
    "Age": "23"
  },
  {
    "ID": "4956438",
    "Name": "Сизова Бронислава",
    "Age": "15"
  },
  {
    "ID": "4965792",
    "Name": "Любова Ольга",
    "Age": "16"
  },
  {
    "ID": "4968713",
    "Name": "Скороходова Кира",
    "Age": "18"
  },
  {
    "ID": "4973742",
    "Name": "Лобов Данила",
    "Age": "35"
  },
  {
    "ID": "4982856",
    "Name": "Виноградова Рада",
    "Age": "34"
  },
  {
    "ID": "4989724",
    "Name": "Крымов Кондрат",
    "Age": "20"
  },
  {
    "ID": "4990273",
    "Name": "Марков Вячеслав",
    "Age": "53"
  },
  {
    "ID": "4994043",
    "Name": "Тимошкина Любовь",
    "Age": "87"
  },
  {
    "ID": "5002614",
    "Name": "Янышева Мирослава",
    "Age": "29"
  },
  {
    "ID": "5011712",
    "Name": "Яламов Роман",
    "Age": "21"
  },
  {
    "ID": "5016404",
    "Name": "Ишеева Христина",
    "Age": "24"
  },
  {
    "ID": "5024112",
    "Name": "Пищальникова Алина",
    "Age": "15"
  },
  {
    "ID": "5027983",
    "Name": "Островский Яков",
    "Age": "35"
  },
  {
    "ID": "5033466",
    "Name": "Витюгов Кир",
    "Age": "34"
  },
  {
    "ID": "5033762",
    "Name": "Сайбаталова Оксана",
    "Age": "33"
  },
  {
    "ID": "5035123",
    "Name": "Ямских Алексей",
    "Age": "30"
  },
  {
    "ID": "5040788",
    "Name": "Витвинский Архип",
    "Age": "18"
  },
  {
    "ID": "5042657",
    "Name": "Гориславский Адам",
    "Age": "60"
  },
  {
    "ID": "5052622",
    "Name": "Карданова Эмилия",
    "Age": "21"
  },
  {
    "ID": "5060774",
    "Name": "Нустров Василий",
    "Age": "38"
  },
  {
    "ID": "5065531",
    "Name": "Царицын Гаврила",
    "Age": "50"
  },
  {
    "ID": "5071037",
    "Name": "Орехова Вера",
    "Age": "14"
  },
  {
    "ID": "5079993",
    "Name": "Малахов Родион",
    "Age": "81"
  },
  {
    "ID": "5085402",
    "Name": "Тяпичева Зинаида",
    "Age": "28"
  },
  {
    "ID": "5092512",
    "Name": "Дыховичный Владлен",
    "Age": "38"
  },
  {
    "ID": "5092563",
    "Name": "Шестакова Зоя",
    "Age": "42"
  },
  {
    "ID": "5092747",
    "Name": "Конников Владлен",
    "Age": "31"
  },
  {
    "ID": "5102114",
    "Name": "Ларичева Рада",
    "Age": "31"
  },
  {
    "ID": "5110956",
    "Name": "Курепина Наталия",
    "Age": "21"
  },
  {
    "ID": "5111524",
    "Name": "Хомколова Ангелина",
    "Age": "32"
  },
  {
    "ID": "5120746",
    "Name": "Витковский Андрон",
    "Age": "16"
  },
  {
    "ID": "5120915",
    "Name": "Синдеева Лариса",
    "Age": "74"
  },
  {
    "ID": "5122142",
    "Name": "Деревскова Стела",
    "Age": "27"
  },
  {
    "ID": "5130668",
    "Name": "Воейков Ираклий",
    "Age": "17"
  },
  {
    "ID": "5139964",
    "Name": "Лещёв Харитон",
    "Age": "15"
  },
  {
    "ID": "5146827",
    "Name": "Сарайкина Ксения",
    "Age": "62"
  },
  {
    "ID": "5152522",
    "Name": "Хмельнов Святослав",
    "Age": "34"
  },
  {
    "ID": "5159324",
    "Name": "Яцкевича Анисья",
    "Age": "18"
  },
  {
    "ID": "5165615",
    "Name": "Негеса Анисья",
    "Age": "77"
  },
  {
    "ID": "5168016",
    "Name": "Князев Казимир",
    "Age": "35"
  },
  {
    "ID": "5176851",
    "Name": "Талалихина Светлана",
    "Age": "61"
  }
]