[{"ID":"66721","Name":"Артемьев Назарий","Age":"43"},{"ID":"71110","Name":"Жуков Лазарь","Age":"19"},{"ID":"74975","Name":"Поляков Любомир","Age":"74"},{"ID":"79173","Name":"Воробьёв Аким","Age":"80"},{"ID":"86830","Name":"Дорофеев Устин","Age":"31"},{"ID":"94773","Name":"Пономарёв Лаврентий","Age":"66"},{"ID":"102659","Name":"Павлов Клемент","Age":"55"},{"ID":"111410","Name":"Лапин Родион","Age":"14"},{"ID":"115362","Name":"Белозёров Корней","Age":"21"},{"ID":"117857","Name":"Щукин Ростислав","Age":"43"},{"ID":"127814","Name":"Соловьёв Нисон","Age":"26"},{"ID":"135136","Name":"Котов Мартын","Age":"31"},{"ID":"135614","Name":"Маслов Тарас","Age":"30"},{"ID":"141301","Name":"Иванов Нинель","Age":"53"},{"ID":"150154","Name":"Ширяев Андрей","Age":"28"},{"ID":"159036","Name":"Королёв Ярослав","Age":"33"},{"ID":"166997","Name":"Карпов Ким","Age":"25"},{"ID":"171064","Name":"Гаврилов Моисей","Age":"29"},{"ID":"174569","Name":"Авдеев Корней","Age":"54"},{"ID":"178375","Name":"Воробьёв Леонтий","Age":"57"},{"ID":"188162","Name":"Ковальчук Илья","Age":"37"},{"ID":"196252","Name":"Николаев Матвей","Age":"14"},{"ID":"204251","Name":"Калинин Гаянэ","Age":"66"},{"ID":"213127","Name":"Третьяков Елисей","Age":"60"},{"ID":"220123","Name":"Марков Людвиг","Age":"20"},{"ID":"227238","Name":"Мартынов Клемент","Age":"24"},{"ID":"233818","Name":"Фадеев Эдуард","Age":"20"},{"ID":"236100","Name":"Кононов Максимилиан","Age":"36"},{"ID":"1899","Name":"Григорьев Гордий","Age":"44"},{"ID":"11607","Name":"Яковлев Григорий","Age":"19"},{"ID":"12657","Name":"Доронин Евгений","Age":"84"},{"ID":"20384","Name":"Родионов Митрофан","Age":"31"},{"ID":"24628","Name":"Николаев Эдуард","Age":"31"},{"ID":"30288","Name":"Суворов Август","Age":"21"},{"ID":"38590","Name":"Игнатьев Вилли","Age":"38"},{"ID":"44722","Name":"Веселов Любомир","Age":"37"},{"ID":"52821","Name":"Копылов Тарас","Age":"56"},{"ID":"57098","Name":"Пономарёв Илларион","Age":"36"},{"ID":"58199","Name":"Исаков Эльдар","Age":"58"},{"ID":"239383","Name":"Гуляев Лев","Age":"21"},{"ID":"243792","Name":"Шестаков Гавриил","Age":"23"},{"ID":"252437","Name":"Новиков Вениамин","Age":"84"},{"ID":"261055","Name":"Фомин Кондратий","Age":"59"},{"ID":"261056","Name":"Исаев Карл","Age":"23"},{"ID":"263202","Name":"Зыков Роман","Age":"32"},{"ID":"266954","Name":"Архипов Алан","Age":"22"},{"ID":"270838","Name":"Овечкин Александр","Age":"35"},{"ID":"271996","Name":"Шарапов Венедикт","Age":"19"},{"ID":"278400","Name":"Аксёнов Натан","Age":"16"},{"ID":"285012","Name":"Логинов Андрей","Age":"27"},{"ID":"285501","Name":"Фадеев Бронислав","Age":"15"},{"ID":"293922","Name":"Алексеев Тимофей","Age":"29"},{"ID":"296090","Name":"Медведев Людвиг","Age":"28"},{"ID":"298182","Name":"Власов Ибрагил","Age":"29"},{"ID":"300427","Name":"Кузнецов Аркадий","Age":"79"},{"ID":"306537","Name":"Белоусов Аскольд","Age":"72"},{"ID":"314867","Name":"Ларионов Арсений","Age":"84"},{"ID":"315085","Name":"Владимиров Юстиниан","Age":"15"},{"ID":"324457","Name":"Малкин Евгений","Age":"33"},{"ID":"330659","Name":"Лихачёв Аввакуум","Age":"59"},{"ID":"333347","Name":"Беляков Ефим","Age":"40"},{"ID":"334517","Name":"Дьячков Богдан","Age":"30"},{"ID":"338013","Name":"Дроздов Мстислав","Age":"56"},{"ID":"341345","Name":"Иванков Карл","Age":"30"},{"ID":"348291","Name":"Емельянов Алан","Age":"74"},{"ID":"348576","Name":"Фёдоров Савелий","Age":"17"},{"ID":"351226","Name":"Рыбаков Станислав","Age":"26"},{"ID":"361016","Name":"Савин Трофим","Age":"24"},{"ID":"362731","Name":"Лукин Платон","Age":"61"},{"ID":"365787","Name":"Радулов Александр","Age":"34"},{"ID":"372059","Name":"Кудрявцев Мартин","Age":"78"},{"ID":"372580","Name":"Мясников Савелий","Age":"19"},{"ID":"374091","Name":"Назаров Игорь","Age":"85"},{"ID":"374224","Name":"Казаков Самуил","Age":"35"},{"ID":"374431","Name":"Мишин Илья","Age":"43"},{"ID":"382560","Name":"Филатов Антон","Age":"23"},{"ID":"392316","Name":"Агафонов Остап","Age":"20"},{"ID":"394637","Name":"Дацюк Павел","Age":"42"},{"ID":"396342","Name":"Савин Варлаам","Age":"24"},{"ID":"404214","Name":"Федотов Георгий","Age":"32"},{"ID":"407994","Name":"Моисеев Прохор","Age":"35"},{"ID":"413576","Name":"Бобров Власий","Age":"25"},{"ID":"418000","Name":"Миронов Алан","Age":"22"},{"ID":"420665","Name":"Лобанов Илларион","Age":"15"},{"ID":"430484","Name":"Родионов Велор","Age":"23"},{"ID":"436518","Name":"Владимиров Адам","Age":"18"},{"ID":"439945","Name":"Максимов Василий","Age":"26"},{"ID":"448025","Name":"Доронин Богдан","Age":"88"},{"ID":"456039","Name":"Григорьев Гордий","Age":"31"},{"ID":"460991","Name":"Яковлев Григорий","Age":"48"},{"ID":"461175","Name":"Доронин Евгений","Age":"82"},{"ID":"468518","Name":"Мозякин Сергей","Age":"29"},{"ID":"475930","Name":"Николаев Эдуард","Age":"20"},{"ID":"479697","Name":"Суворов Август","Age":"46"},{"ID":"487269","Name":"Игнатьев Вилли","Age":"31"},{"ID":"493609","Name":"Веселов Любомир","Age":"41"},{"ID":"494578","Name":"Копылов Тарас","Age":"15"},{"ID":"503643","Name":"Пономарёв Илларион","Age":"59"},{"ID":"508515","Name":"Исаков Эльдар","Age":"78"},{"ID":"517124","Name":"Артемьев Назарий","Age":"37"},{"ID":"517667","Name":"Жуков Лазарь","Age":"56"},{"ID":"525256","Name":"Поляков Любомир","Age":"25"},{"ID":"528028","Name":"Воробьёв Аким","Age":"15"},{"ID":"528376","Name":"Дорофеев Устин","Age":"28"},{"ID":"530279","Name":"Пономарёв Лаврентий","Age":"55"},{"ID":"531518","Name":"Павлов Клемент","Age":"36"},{"ID":"539886","Name":"Лапин Родион","Age":"19"},{"ID":"545294","Name":"Белозёров Корней","Age":"29"},{"ID":"555014","Name":"Щукин Ростислав","Age":"16"},{"ID":"557085","Name":"Соловьёв Нисон","Age":"74"},{"ID":"557245","Name":"Котов Мартын","Age":"35"},{"ID":"557544","Name":"Маслов Тарас","Age":"28"},{"ID":"560117","Name":"Иванов Нинель","Age":"27"},{"ID":"567413","Name":"Ширяев Андрей","Age":"56"},{"ID":"570469","Name":"Королёв Ярослав","Age":"35"},{"ID":"579654","Name":"Карпов Ким","Age":"32"},{"ID":"587603","Name":"Гаврилов Моисей","Age":"14"},{"ID":"591886","Name":"Авдеев Корней","Age":"24"},{"ID":"595255","Name":"Воробьёв Леонтий","Age":"75"},{"ID":"604143","Name":"Алексей Тeрeщенко","Age":"40"},{"ID":"611382","Name":"Николаев Матвей","Age":"30"},{"ID":"616938","Name":"Калинин Гаянэ","Age":"17"},{"ID":"620757","Name":"Третьяков Елисей","Age":"58"},{"ID":"624642","Name":"Кoшечкин Вaсилий","Age":"37"},{"ID":"625382","Name":"Мартынов Клемент","Age":"28"},{"ID":"629177","Name":"Фадеев Эдуард","Age":"45"},{"ID":"637709","Name":"Евгений Дaдонов","Age":"77"},{"ID":"639020","Name":"Гуляев Лев","Age":"37"}]
